subject,distractorType,taskSequence,switchProp,distractorProp,mean_acc
sub1,d,r,25%,25%,0.9166666666666666
sub1,d,r,25%,75%,0.9166666666666666
sub1,d,r,75%,25%,1
sub1,d,r,75%,75%,1
sub1,d,s,25%,25%,0.8333333333333334
sub1,d,s,25%,75%,0.9166666666666666
sub1,d,s,75%,25%,0.9166666666666666
sub1,d,s,75%,75%,1
sub1,n,r,25%,25%,1
sub1,n,r,25%,75%,0.9166666666666666
sub1,n,r,75%,25%,1
sub1,n,r,75%,75%,1
sub1,n,s,25%,25%,0.8333333333333334
sub1,n,s,25%,75%,0.9166666666666666
sub1,n,s,75%,25%,1
sub1,n,s,75%,75%,1
sub10,d,r,25%,25%,0.9166666666666666
sub10,d,r,25%,75%,0.75
sub10,d,r,75%,25%,0.9166666666666666
sub10,d,r,75%,75%,1
sub10,d,s,25%,25%,1
sub10,d,s,25%,75%,0.8333333333333334
sub10,d,s,75%,25%,0.9166666666666666
sub10,d,s,75%,75%,0.8333333333333334
sub10,n,r,25%,25%,1
sub10,n,r,25%,75%,0.9166666666666666
sub10,n,r,75%,25%,1
sub10,n,r,75%,75%,1
sub10,n,s,25%,25%,0.9166666666666666
sub10,n,s,25%,75%,0.75
sub10,n,s,75%,25%,0.9166666666666666
sub10,n,s,75%,75%,1
sub11,d,r,25%,25%,0.6666666666666666
sub11,d,r,25%,75%,0.8333333333333334
sub11,d,r,75%,25%,0.6666666666666666
sub11,d,r,75%,75%,1
sub11,d,s,25%,25%,0.75
sub11,d,s,25%,75%,0.9166666666666666
sub11,d,s,75%,25%,0.75
sub11,d,s,75%,75%,0.5833333333333334
sub11,n,r,25%,25%,0.75
sub11,n,r,25%,75%,0.9166666666666666
sub11,n,r,75%,25%,0.8333333333333334
sub11,n,r,75%,75%,0.75
sub11,n,s,25%,25%,0.5833333333333334
sub11,n,s,25%,75%,0.8333333333333334
sub11,n,s,75%,25%,0.75
sub11,n,s,75%,75%,1
sub12,d,r,25%,25%,1
sub12,d,r,25%,75%,0.9166666666666666
sub12,d,r,75%,25%,1
sub12,d,r,75%,75%,1
sub12,d,s,25%,25%,0.75
sub12,d,s,25%,75%,0.9166666666666666
sub12,d,s,75%,25%,0.8333333333333334
sub12,d,s,75%,75%,0.75
sub12,n,r,25%,25%,1
sub12,n,r,25%,75%,0.9166666666666666
sub12,n,r,75%,25%,0.9166666666666666
sub12,n,r,75%,75%,1
sub12,n,s,25%,25%,1
sub12,n,s,25%,75%,0.8333333333333334
sub12,n,s,75%,25%,1
sub12,n,s,75%,75%,0.9166666666666666
sub13,d,r,25%,25%,1
sub13,d,r,25%,75%,0.9166666666666666
sub13,d,r,75%,25%,1
sub13,d,r,75%,75%,1
sub13,d,s,25%,25%,1
sub13,d,s,25%,75%,0.5833333333333334
sub13,d,s,75%,25%,1
sub13,d,s,75%,75%,1
sub13,n,r,25%,25%,0.9166666666666666
sub13,n,r,25%,75%,1
sub13,n,r,75%,25%,1
sub13,n,r,75%,75%,1
sub13,n,s,25%,25%,0.9166666666666666
sub13,n,s,25%,75%,0.9166666666666666
sub13,n,s,75%,25%,1
sub13,n,s,75%,75%,0.8333333333333334
sub14,d,r,25%,25%,0.9166666666666666
sub14,d,r,25%,75%,0.6666666666666666
sub14,d,r,75%,25%,1
sub14,d,r,75%,75%,1
sub14,d,s,25%,25%,0.8333333333333334
sub14,d,s,25%,75%,0.8333333333333334
sub14,d,s,75%,25%,0.8333333333333334
sub14,d,s,75%,75%,0.75
sub14,n,r,25%,25%,0.9166666666666666
sub14,n,r,25%,75%,0.6666666666666666
sub14,n,r,75%,25%,1
sub14,n,r,75%,75%,1
sub14,n,s,25%,25%,0.9166666666666666
sub14,n,s,25%,75%,0.75
sub14,n,s,75%,25%,1
sub14,n,s,75%,75%,0.8333333333333334
sub15,d,r,25%,25%,0.9166666666666666
sub15,d,r,25%,75%,0.9166666666666666
sub15,d,r,75%,25%,1
sub15,d,r,75%,75%,1
sub15,d,s,25%,25%,1
sub15,d,s,25%,75%,0.9166666666666666
sub15,d,s,75%,25%,1
sub15,d,s,75%,75%,1
sub15,n,r,25%,25%,0.9166666666666666
sub15,n,r,25%,75%,1
sub15,n,r,75%,25%,1
sub15,n,r,75%,75%,1
sub15,n,s,25%,25%,0.9166666666666666
sub15,n,s,25%,75%,1
sub15,n,s,75%,25%,0.9166666666666666
sub15,n,s,75%,75%,1
sub16,d,r,25%,25%,1
sub16,d,r,25%,75%,1
sub16,d,r,75%,25%,0.9166666666666666
sub16,d,r,75%,75%,1
sub16,d,s,25%,25%,0.8333333333333334
sub16,d,s,25%,75%,1
sub16,d,s,75%,25%,1
sub16,d,s,75%,75%,1
sub16,n,r,25%,25%,1
sub16,n,r,25%,75%,1
sub16,n,r,75%,25%,1
sub16,n,r,75%,75%,1
sub16,n,s,25%,25%,0.8333333333333334
sub16,n,s,25%,75%,1
sub16,n,s,75%,25%,1
sub16,n,s,75%,75%,1
sub17,d,r,25%,25%,0.9166666666666666
sub17,d,r,25%,75%,0.9166666666666666
sub17,d,r,75%,25%,0.9166666666666666
sub17,d,r,75%,75%,0.9166666666666666
sub17,d,s,25%,25%,0.9166666666666666
sub17,d,s,25%,75%,0.8333333333333334
sub17,d,s,75%,25%,0.8333333333333334
sub17,d,s,75%,75%,0.8333333333333334
sub17,n,r,25%,25%,0.75
sub17,n,r,25%,75%,0.8333333333333334
sub17,n,r,75%,25%,1
sub17,n,r,75%,75%,1
sub17,n,s,25%,25%,0.8333333333333334
sub17,n,s,25%,75%,0.9166666666666666
sub17,n,s,75%,25%,0.9166666666666666
sub17,n,s,75%,75%,0.9166666666666666
sub18,d,r,25%,25%,1
sub18,d,r,25%,75%,1
sub18,d,r,75%,25%,1
sub18,d,r,75%,75%,0.9166666666666666
sub18,d,s,25%,25%,1
sub18,d,s,25%,75%,1
sub18,d,s,75%,25%,1
sub18,d,s,75%,75%,1
sub18,n,r,25%,25%,0.9166666666666666
sub18,n,r,25%,75%,1
sub18,n,r,75%,25%,1
sub18,n,r,75%,75%,1
sub18,n,s,25%,25%,1
sub18,n,s,25%,75%,0.9166666666666666
sub18,n,s,75%,25%,1
sub18,n,s,75%,75%,1
sub19,d,r,25%,25%,0.75
sub19,d,r,25%,75%,1
sub19,d,r,75%,25%,1
sub19,d,r,75%,75%,0.9166666666666666
sub19,d,s,25%,25%,0.8333333333333334
sub19,d,s,25%,75%,0.9166666666666666
sub19,d,s,75%,25%,0.8333333333333334
sub19,d,s,75%,75%,1
sub19,n,r,25%,25%,0.8333333333333334
sub19,n,r,25%,75%,1
sub19,n,r,75%,25%,0.9166666666666666
sub19,n,r,75%,75%,0.75
sub19,n,s,25%,25%,1
sub19,n,s,25%,75%,0.9166666666666666
sub19,n,s,75%,25%,0.8333333333333334
sub19,n,s,75%,75%,0.9166666666666666
sub2,d,r,25%,25%,0.9166666666666666
sub2,d,r,25%,75%,0.9166666666666666
sub2,d,r,75%,25%,1
sub2,d,r,75%,75%,0.9166666666666666
sub2,d,s,25%,25%,0.8333333333333334
sub2,d,s,25%,75%,1
sub2,d,s,75%,25%,1
sub2,d,s,75%,75%,1
sub2,n,r,25%,25%,0.9166666666666666
sub2,n,r,25%,75%,1
sub2,n,r,75%,25%,0.9166666666666666
sub2,n,r,75%,75%,0.8333333333333334
sub2,n,s,25%,25%,1
sub2,n,s,25%,75%,0.8333333333333334
sub2,n,s,75%,25%,1
sub2,n,s,75%,75%,0.8333333333333334
sub20,d,r,25%,25%,0.9166666666666666
sub20,d,r,25%,75%,0.75
sub20,d,r,75%,25%,1
sub20,d,r,75%,75%,0.9166666666666666
sub20,d,s,25%,25%,0.9166666666666666
sub20,d,s,25%,75%,0.75
sub20,d,s,75%,25%,1
sub20,d,s,75%,75%,0.9166666666666666
sub20,n,r,25%,25%,0.75
sub20,n,r,25%,75%,0.75
sub20,n,r,75%,25%,1
sub20,n,r,75%,75%,0.9166666666666666
sub20,n,s,25%,25%,0.9166666666666666
sub20,n,s,25%,75%,0.6666666666666666
sub20,n,s,75%,25%,0.75
sub20,n,s,75%,75%,0.8333333333333334
sub21,d,r,25%,25%,0.9166666666666666
sub21,d,r,25%,75%,1
sub21,d,r,75%,25%,1
sub21,d,r,75%,75%,1
sub21,d,s,25%,25%,1
sub21,d,s,25%,75%,1
sub21,d,s,75%,25%,1
sub21,d,s,75%,75%,1
sub21,n,r,25%,25%,1
sub21,n,r,25%,75%,1
sub21,n,r,75%,25%,1
sub21,n,r,75%,75%,0.9166666666666666
sub21,n,s,25%,25%,1
sub21,n,s,25%,75%,1
sub21,n,s,75%,25%,1
sub21,n,s,75%,75%,1
sub22,d,r,25%,25%,0.9166666666666666
sub22,d,r,25%,75%,0.9166666666666666
sub22,d,r,75%,25%,1
sub22,d,r,75%,75%,1
sub22,d,s,25%,25%,1
sub22,d,s,25%,75%,1
sub22,d,s,75%,25%,1
sub22,d,s,75%,75%,0.9166666666666666
sub22,n,r,25%,25%,1
sub22,n,r,25%,75%,1
sub22,n,r,75%,25%,1
sub22,n,r,75%,75%,1
sub22,n,s,25%,25%,1
sub22,n,s,25%,75%,1
sub22,n,s,75%,25%,1
sub22,n,s,75%,75%,0.9166666666666666
sub23,d,r,25%,25%,0.8333333333333334
sub23,d,r,25%,75%,0.6666666666666666
sub23,d,r,75%,25%,1
sub23,d,r,75%,75%,0.9166666666666666
sub23,d,s,25%,25%,0.9166666666666666
sub23,d,s,25%,75%,0.8333333333333334
sub23,d,s,75%,25%,0.8333333333333334
sub23,d,s,75%,75%,0.6666666666666666
sub23,n,r,25%,25%,1
sub23,n,r,25%,75%,0.6666666666666666
sub23,n,r,75%,25%,1
sub23,n,r,75%,75%,0.8333333333333334
sub23,n,s,25%,25%,0.9166666666666666
sub23,n,s,25%,75%,0.6666666666666666
sub23,n,s,75%,25%,0.8333333333333334
sub23,n,s,75%,75%,0.75
sub24,d,r,25%,25%,1
sub24,d,r,25%,75%,0.9166666666666666
sub24,d,r,75%,25%,0.9166666666666666
sub24,d,r,75%,75%,0.9166666666666666
sub24,d,s,25%,25%,0.9166666666666666
sub24,d,s,25%,75%,1
sub24,d,s,75%,25%,1
sub24,d,s,75%,75%,1
sub24,n,r,25%,25%,0.9166666666666666
sub24,n,r,25%,75%,0.9166666666666666
sub24,n,r,75%,25%,0.9166666666666666
sub24,n,r,75%,75%,0.9166666666666666
sub24,n,s,25%,25%,0.9166666666666666
sub24,n,s,25%,75%,1
sub24,n,s,75%,25%,0.8333333333333334
sub24,n,s,75%,75%,1
sub25,d,r,25%,25%,1
sub25,d,r,25%,75%,1
sub25,d,r,75%,25%,1
sub25,d,r,75%,75%,0.8333333333333334
sub25,d,s,25%,25%,1
sub25,d,s,25%,75%,0.9166666666666666
sub25,d,s,75%,25%,1
sub25,d,s,75%,75%,0.9166666666666666
sub25,n,r,25%,25%,1
sub25,n,r,25%,75%,0.9166666666666666
sub25,n,r,75%,25%,1
sub25,n,r,75%,75%,1
sub25,n,s,25%,25%,1
sub25,n,s,25%,75%,0.9166666666666666
sub25,n,s,75%,25%,0.9166666666666666
sub25,n,s,75%,75%,1
sub26,d,r,25%,25%,1
sub26,d,r,25%,75%,1
sub26,d,r,75%,25%,0.9166666666666666
sub26,d,r,75%,75%,0.9166666666666666
sub26,d,s,25%,25%,1
sub26,d,s,25%,75%,1
sub26,d,s,75%,25%,0.8333333333333334
sub26,d,s,75%,75%,1
sub26,n,r,25%,25%,0.9166666666666666
sub26,n,r,25%,75%,0.9166666666666666
sub26,n,r,75%,25%,1
sub26,n,r,75%,75%,1
sub26,n,s,25%,25%,1
sub26,n,s,25%,75%,1
sub26,n,s,75%,25%,1
sub26,n,s,75%,75%,0.9166666666666666
sub27,d,r,25%,25%,0.8333333333333334
sub27,d,r,25%,75%,0.9166666666666666
sub27,d,r,75%,25%,1
sub27,d,r,75%,75%,0.9166666666666666
sub27,d,s,25%,25%,0.9166666666666666
sub27,d,s,25%,75%,0.8333333333333334
sub27,d,s,75%,25%,0.6666666666666666
sub27,d,s,75%,75%,0.9166666666666666
sub27,n,r,25%,25%,1
sub27,n,r,25%,75%,0.9166666666666666
sub27,n,r,75%,25%,1
sub27,n,r,75%,75%,1
sub27,n,s,25%,25%,0.8333333333333334
sub27,n,s,25%,75%,0.9166666666666666
sub27,n,s,75%,25%,0.9166666666666666
sub27,n,s,75%,75%,0.9166666666666666
sub28,d,r,25%,25%,0.9166666666666666
sub28,d,r,25%,75%,0.75
sub28,d,r,75%,25%,1
sub28,d,r,75%,75%,0.8333333333333334
sub28,d,s,25%,25%,0.6666666666666666
sub28,d,s,25%,75%,0.75
sub28,d,s,75%,25%,0.8333333333333334
sub28,d,s,75%,75%,0.8333333333333334
sub28,n,r,25%,25%,1
sub28,n,r,25%,75%,0.8333333333333334
sub28,n,r,75%,25%,0.9166666666666666
sub28,n,r,75%,75%,0.75
sub28,n,s,25%,25%,1
sub28,n,s,25%,75%,0.8333333333333334
sub28,n,s,75%,25%,0.9166666666666666
sub28,n,s,75%,75%,0.5833333333333334
sub29,d,r,25%,25%,0.9166666666666666
sub29,d,r,25%,75%,1
sub29,d,r,75%,25%,1
sub29,d,r,75%,75%,1
sub29,d,s,25%,25%,0.9166666666666666
sub29,d,s,25%,75%,1
sub29,d,s,75%,25%,1
sub29,d,s,75%,75%,1
sub29,n,r,25%,25%,0.9166666666666666
sub29,n,r,25%,75%,1
sub29,n,r,75%,25%,1
sub29,n,r,75%,75%,1
sub29,n,s,25%,25%,0.9166666666666666
sub29,n,s,25%,75%,1
sub29,n,s,75%,25%,1
sub29,n,s,75%,75%,1
sub3,d,r,25%,25%,0.8333333333333334
sub3,d,r,25%,75%,0.9166666666666666
sub3,d,r,75%,25%,0.9166666666666666
sub3,d,r,75%,75%,0.9166666666666666
sub3,d,s,25%,25%,0.8333333333333334
sub3,d,s,25%,75%,0.6666666666666666
sub3,d,s,75%,25%,0.8333333333333334
sub3,d,s,75%,75%,0.9166666666666666
sub3,n,r,25%,25%,0.8333333333333334
sub3,n,r,25%,75%,0.8333333333333334
sub3,n,r,75%,25%,0.75
sub3,n,r,75%,75%,0.9166666666666666
sub3,n,s,25%,25%,0.6666666666666666
sub3,n,s,25%,75%,0.75
sub3,n,s,75%,25%,0.75
sub3,n,s,75%,75%,0.8333333333333334
sub30,d,r,25%,25%,0.9166666666666666
sub30,d,r,25%,75%,1
sub30,d,r,75%,25%,0.9166666666666666
sub30,d,r,75%,75%,1
sub30,d,s,25%,25%,0.9166666666666666
sub30,d,s,25%,75%,1
sub30,d,s,75%,25%,0.9166666666666666
sub30,d,s,75%,75%,0.9166666666666666
sub30,n,r,25%,25%,1
sub30,n,r,25%,75%,1
sub30,n,r,75%,25%,1
sub30,n,r,75%,75%,1
sub30,n,s,25%,25%,1
sub30,n,s,25%,75%,0.75
sub30,n,s,75%,25%,1
sub30,n,s,75%,75%,1
sub31,d,r,25%,25%,1
sub31,d,r,25%,75%,1
sub31,d,r,75%,25%,1
sub31,d,r,75%,75%,0.8333333333333334
sub31,d,s,25%,25%,0.5833333333333334
sub31,d,s,25%,75%,0.8333333333333334
sub31,d,s,75%,25%,0.9166666666666666
sub31,d,s,75%,75%,0.9166666666666666
sub31,n,r,25%,25%,0.8333333333333334
sub31,n,r,25%,75%,0.9166666666666666
sub31,n,r,75%,25%,1
sub31,n,r,75%,75%,0.9166666666666666
sub31,n,s,25%,25%,0.9166666666666666
sub31,n,s,25%,75%,1
sub31,n,s,75%,25%,0.9166666666666666
sub31,n,s,75%,75%,1
sub32,d,r,25%,25%,1
sub32,d,r,25%,75%,0.9166666666666666
sub32,d,r,75%,25%,0.9166666666666666
sub32,d,r,75%,75%,1
sub32,d,s,25%,25%,1
sub32,d,s,25%,75%,0.8333333333333334
sub32,d,s,75%,25%,0.9166666666666666
sub32,d,s,75%,75%,0.8333333333333334
sub32,n,r,25%,25%,1
sub32,n,r,25%,75%,1
sub32,n,r,75%,25%,1
sub32,n,r,75%,75%,0.9166666666666666
sub32,n,s,25%,25%,1
sub32,n,s,25%,75%,0.5833333333333334
sub32,n,s,75%,25%,0.9166666666666666
sub32,n,s,75%,75%,0.8333333333333334
sub33,d,r,25%,25%,0.9166666666666666
sub33,d,r,25%,75%,0.6666666666666666
sub33,d,r,75%,25%,0.9166666666666666
sub33,d,r,75%,75%,0.9166666666666666
sub33,d,s,25%,25%,0.9166666666666666
sub33,d,s,25%,75%,0.9166666666666666
sub33,d,s,75%,25%,0.9166666666666666
sub33,d,s,75%,75%,0.9166666666666666
sub33,n,r,25%,25%,0.9166666666666666
sub33,n,r,25%,75%,0.9166666666666666
sub33,n,r,75%,25%,1
sub33,n,r,75%,75%,0.8333333333333334
sub33,n,s,25%,25%,0.9166666666666666
sub33,n,s,25%,75%,1
sub33,n,s,75%,25%,0.9166666666666666
sub33,n,s,75%,75%,0.9166666666666666
sub34,d,r,25%,25%,0.8333333333333334
sub34,d,r,25%,75%,0.8333333333333334
sub34,d,r,75%,25%,0.6666666666666666
sub34,d,r,75%,75%,0.5833333333333334
sub34,d,s,25%,25%,0.75
sub34,d,s,25%,75%,0.8333333333333334
sub34,d,s,75%,25%,0.5833333333333334
sub34,d,s,75%,75%,0.4166666666666667
sub34,n,r,25%,25%,0.9166666666666666
sub34,n,r,25%,75%,1
sub34,n,r,75%,25%,0.8333333333333334
sub34,n,r,75%,75%,0.8333333333333334
sub34,n,s,25%,25%,0.9166666666666666
sub34,n,s,25%,75%,0.75
sub34,n,s,75%,25%,0.75
sub34,n,s,75%,75%,0.6666666666666666
sub35,d,r,25%,25%,0.9166666666666666
sub35,d,r,25%,75%,0.8333333333333334
sub35,d,r,75%,25%,0.8333333333333334
sub35,d,r,75%,75%,1
sub35,d,s,25%,25%,0.8333333333333334
sub35,d,s,25%,75%,1
sub35,d,s,75%,25%,0.8333333333333334
sub35,d,s,75%,75%,1
sub35,n,r,25%,25%,0.75
sub35,n,r,25%,75%,1
sub35,n,r,75%,25%,1
sub35,n,r,75%,75%,1
sub35,n,s,25%,25%,1
sub35,n,s,25%,75%,1
sub35,n,s,75%,25%,0.8333333333333334
sub35,n,s,75%,75%,0.8333333333333334
sub36,d,r,25%,25%,0.8333333333333334
sub36,d,r,25%,75%,0.9166666666666666
sub36,d,r,75%,25%,0.9166666666666666
sub36,d,r,75%,75%,0.8333333333333334
sub36,d,s,25%,25%,0.75
sub36,d,s,25%,75%,0.75
sub36,d,s,75%,25%,0.9166666666666666
sub36,d,s,75%,75%,0.75
sub36,n,r,25%,25%,0.9166666666666666
sub36,n,r,25%,75%,1
sub36,n,r,75%,25%,0.8333333333333334
sub36,n,r,75%,75%,0.9166666666666666
sub36,n,s,25%,25%,0.5
sub36,n,s,25%,75%,0.9166666666666666
sub36,n,s,75%,25%,0.6666666666666666
sub36,n,s,75%,75%,0.75
sub37,d,r,25%,25%,0.9166666666666666
sub37,d,r,25%,75%,1
sub37,d,r,75%,25%,1
sub37,d,r,75%,75%,0.9166666666666666
sub37,d,s,25%,25%,1
sub37,d,s,25%,75%,1
sub37,d,s,75%,25%,1
sub37,d,s,75%,75%,0.9166666666666666
sub37,n,r,25%,25%,1
sub37,n,r,25%,75%,1
sub37,n,r,75%,25%,1
sub37,n,r,75%,75%,1
sub37,n,s,25%,25%,0.9166666666666666
sub37,n,s,25%,75%,1
sub37,n,s,75%,25%,0.9166666666666666
sub37,n,s,75%,75%,1
sub38,d,r,25%,25%,1
sub38,d,r,25%,75%,0.9166666666666666
sub38,d,r,75%,25%,1
sub38,d,r,75%,75%,1
sub38,d,s,25%,25%,0.75
sub38,d,s,25%,75%,1
sub38,d,s,75%,25%,0.9166666666666666
sub38,d,s,75%,75%,1
sub38,n,r,25%,25%,1
sub38,n,r,25%,75%,0.9166666666666666
sub38,n,r,75%,25%,0.8333333333333334
sub38,n,r,75%,75%,1
sub38,n,s,25%,25%,1
sub38,n,s,25%,75%,1
sub38,n,s,75%,25%,0.9166666666666666
sub38,n,s,75%,75%,1
sub39,d,r,25%,25%,1
sub39,d,r,25%,75%,1
sub39,d,r,75%,25%,0.75
sub39,d,r,75%,75%,1
sub39,d,s,25%,25%,1
sub39,d,s,25%,75%,1
sub39,d,s,75%,25%,0.9166666666666666
sub39,d,s,75%,75%,0.9166666666666666
sub39,n,r,25%,25%,0.9166666666666666
sub39,n,r,25%,75%,1
sub39,n,r,75%,25%,1
sub39,n,r,75%,75%,0.9166666666666666
sub39,n,s,25%,25%,0.8333333333333334
sub39,n,s,25%,75%,1
sub39,n,s,75%,25%,0.9166666666666666
sub39,n,s,75%,75%,0.9166666666666666
sub4,d,r,25%,25%,1
sub4,d,r,25%,75%,1
sub4,d,r,75%,25%,1
sub4,d,r,75%,75%,1
sub4,d,s,25%,25%,1
sub4,d,s,25%,75%,1
sub4,d,s,75%,25%,1
sub4,d,s,75%,75%,1
sub4,n,r,25%,25%,1
sub4,n,r,25%,75%,1
sub4,n,r,75%,25%,1
sub4,n,r,75%,75%,1
sub4,n,s,25%,25%,1
sub4,n,s,25%,75%,1
sub4,n,s,75%,25%,1
sub4,n,s,75%,75%,1
sub40,d,r,25%,25%,0.9166666666666666
sub40,d,r,25%,75%,1
sub40,d,r,75%,25%,1
sub40,d,r,75%,75%,1
sub40,d,s,25%,25%,0.9166666666666666
sub40,d,s,25%,75%,0.9166666666666666
sub40,d,s,75%,25%,0.75
sub40,d,s,75%,75%,0.9166666666666666
sub40,n,r,25%,25%,0.9166666666666666
sub40,n,r,25%,75%,1
sub40,n,r,75%,25%,1
sub40,n,r,75%,75%,1
sub40,n,s,25%,25%,1
sub40,n,s,25%,75%,0.9166666666666666
sub40,n,s,75%,25%,1
sub40,n,s,75%,75%,1
sub41,d,r,25%,25%,1
sub41,d,r,25%,75%,1
sub41,d,r,75%,25%,1
sub41,d,r,75%,75%,1
sub41,d,s,25%,25%,1
sub41,d,s,25%,75%,1
sub41,d,s,75%,25%,1
sub41,d,s,75%,75%,1
sub41,n,r,25%,25%,0.8333333333333334
sub41,n,r,25%,75%,1
sub41,n,r,75%,25%,1
sub41,n,r,75%,75%,1
sub41,n,s,25%,25%,0.8333333333333334
sub41,n,s,25%,75%,0.9166666666666666
sub41,n,s,75%,25%,1
sub41,n,s,75%,75%,1
sub42,d,r,25%,25%,0.9166666666666666
sub42,d,r,25%,75%,0.9166666666666666
sub42,d,r,75%,25%,1
sub42,d,r,75%,75%,0.8333333333333334
sub42,d,s,25%,25%,1
sub42,d,s,25%,75%,0.9166666666666666
sub42,d,s,75%,25%,0.8333333333333334
sub42,d,s,75%,75%,1
sub42,n,r,25%,25%,1
sub42,n,r,25%,75%,1
sub42,n,r,75%,25%,1
sub42,n,r,75%,75%,0.9166666666666666
sub42,n,s,25%,25%,0.9166666666666666
sub42,n,s,25%,75%,0.9166666666666666
sub42,n,s,75%,25%,0.9166666666666666
sub42,n,s,75%,75%,0.6666666666666666
sub43,d,r,25%,25%,0.8333333333333334
sub43,d,r,25%,75%,1
sub43,d,r,75%,25%,0.8333333333333334
sub43,d,r,75%,75%,0.75
sub43,d,s,25%,25%,0.5833333333333334
sub43,d,s,25%,75%,0.8333333333333334
sub43,d,s,75%,25%,1
sub43,d,s,75%,75%,0.8333333333333334
sub43,n,r,25%,25%,0.8333333333333334
sub43,n,r,25%,75%,0.9166666666666666
sub43,n,r,75%,25%,0.8333333333333334
sub43,n,r,75%,75%,1
sub43,n,s,25%,25%,0.4166666666666667
sub43,n,s,25%,75%,1
sub43,n,s,75%,25%,1
sub43,n,s,75%,75%,1
sub44,d,r,25%,25%,1
sub44,d,r,25%,75%,0.9166666666666666
sub44,d,r,75%,25%,0.9166666666666666
sub44,d,r,75%,75%,1
sub44,d,s,25%,25%,0.8333333333333334
sub44,d,s,25%,75%,1
sub44,d,s,75%,25%,0.75
sub44,d,s,75%,75%,1
sub44,n,r,25%,25%,1
sub44,n,r,25%,75%,1
sub44,n,r,75%,25%,0.9166666666666666
sub44,n,r,75%,75%,1
sub44,n,s,25%,25%,0.9166666666666666
sub44,n,s,25%,75%,0.9166666666666666
sub44,n,s,75%,25%,1
sub44,n,s,75%,75%,1
sub45,d,r,25%,25%,1
sub45,d,r,25%,75%,1
sub45,d,r,75%,25%,0.75
sub45,d,r,75%,75%,1
sub45,d,s,25%,25%,1
sub45,d,s,25%,75%,0.8333333333333334
sub45,d,s,75%,25%,0.9166666666666666
sub45,d,s,75%,75%,1
sub45,n,r,25%,25%,1
sub45,n,r,25%,75%,0.9166666666666666
sub45,n,r,75%,25%,1
sub45,n,r,75%,75%,0.9166666666666666
sub45,n,s,25%,25%,1
sub45,n,s,25%,75%,0.8333333333333334
sub45,n,s,75%,25%,0.6666666666666666
sub45,n,s,75%,75%,0.8333333333333334
sub46,d,r,25%,25%,0.8333333333333334
sub46,d,r,25%,75%,1
sub46,d,r,75%,25%,0.9166666666666666
sub46,d,r,75%,75%,0.9166666666666666
sub46,d,s,25%,25%,0.6666666666666666
sub46,d,s,25%,75%,0.9166666666666666
sub46,d,s,75%,25%,0.8333333333333334
sub46,d,s,75%,75%,1
sub46,n,r,25%,25%,1
sub46,n,r,25%,75%,1
sub46,n,r,75%,25%,0.9166666666666666
sub46,n,r,75%,75%,1
sub46,n,s,25%,25%,0.9166666666666666
sub46,n,s,25%,75%,1
sub46,n,s,75%,25%,0.5833333333333334
sub46,n,s,75%,75%,1
sub47,d,r,25%,25%,1
sub47,d,r,25%,75%,1
sub47,d,r,75%,25%,1
sub47,d,r,75%,75%,1
sub47,d,s,25%,25%,0.9166666666666666
sub47,d,s,25%,75%,0.8333333333333334
sub47,d,s,75%,25%,0.9166666666666666
sub47,d,s,75%,75%,0.9166666666666666
sub47,n,r,25%,25%,0.9166666666666666
sub47,n,r,25%,75%,0.9166666666666666
sub47,n,r,75%,25%,0.9166666666666666
sub47,n,r,75%,75%,1
sub47,n,s,25%,25%,0.8333333333333334
sub47,n,s,25%,75%,1
sub47,n,s,75%,25%,1
sub47,n,s,75%,75%,0.9166666666666666
sub48,d,r,25%,25%,1
sub48,d,r,25%,75%,0.9166666666666666
sub48,d,r,75%,25%,0.5
sub48,d,r,75%,75%,0.8333333333333334
sub48,d,s,25%,25%,0.9166666666666666
sub48,d,s,25%,75%,0.8333333333333334
sub48,d,s,75%,25%,0.5833333333333334
sub48,d,s,75%,75%,0.75
sub48,n,r,25%,25%,0.9166666666666666
sub48,n,r,25%,75%,0.9166666666666666
sub48,n,r,75%,25%,0.8333333333333334
sub48,n,r,75%,75%,0.8333333333333334
sub48,n,s,25%,25%,0.8333333333333334
sub48,n,s,25%,75%,0.8333333333333334
sub48,n,s,75%,25%,0.6666666666666666
sub48,n,s,75%,75%,0.8333333333333334
sub49,d,r,25%,25%,1
sub49,d,r,25%,75%,0.9166666666666666
sub49,d,r,75%,25%,1
sub49,d,r,75%,75%,0.75
sub49,d,s,25%,25%,0.9166666666666666
sub49,d,s,25%,75%,0.8333333333333334
sub49,d,s,75%,25%,1
sub49,d,s,75%,75%,1
sub49,n,r,25%,25%,1
sub49,n,r,25%,75%,1
sub49,n,r,75%,25%,0.9166666666666666
sub49,n,r,75%,75%,1
sub49,n,s,25%,25%,0.9166666666666666
sub49,n,s,25%,75%,0.9166666666666666
sub49,n,s,75%,25%,0.9166666666666666
sub49,n,s,75%,75%,0.8333333333333334
sub5,d,r,25%,25%,0.9166666666666666
sub5,d,r,25%,75%,1
sub5,d,r,75%,25%,0.9166666666666666
sub5,d,r,75%,75%,1
sub5,d,s,25%,25%,0.8333333333333334
sub5,d,s,25%,75%,1
sub5,d,s,75%,25%,1
sub5,d,s,75%,75%,1
sub5,n,r,25%,25%,1
sub5,n,r,25%,75%,1
sub5,n,r,75%,25%,0.9166666666666666
sub5,n,r,75%,75%,1
sub5,n,s,25%,25%,0.9166666666666666
sub5,n,s,25%,75%,1
sub5,n,s,75%,25%,1
sub5,n,s,75%,75%,1
sub50,d,r,25%,25%,0.75
sub50,d,r,25%,75%,1
sub50,d,r,75%,25%,1
sub50,d,r,75%,75%,0.8333333333333334
sub50,d,s,25%,25%,0.9166666666666666
sub50,d,s,25%,75%,0.75
sub50,d,s,75%,25%,0.8333333333333334
sub50,d,s,75%,75%,0.8333333333333334
sub50,n,r,25%,25%,0.9166666666666666
sub50,n,r,25%,75%,1
sub50,n,r,75%,25%,0.8333333333333334
sub50,n,r,75%,75%,0.9166666666666666
sub50,n,s,25%,25%,0.9166666666666666
sub50,n,s,25%,75%,0.9166666666666666
sub50,n,s,75%,25%,0.9166666666666666
sub50,n,s,75%,75%,0.6666666666666666
sub51,d,r,25%,25%,0.6666666666666666
sub51,d,r,25%,75%,0.8333333333333334
sub51,d,r,75%,25%,1
sub51,d,r,75%,75%,0.9166666666666666
sub51,d,s,25%,25%,0.5
sub51,d,s,25%,75%,0.8333333333333334
sub51,d,s,75%,25%,0.9166666666666666
sub51,d,s,75%,75%,0.8333333333333334
sub51,n,r,25%,25%,0.9166666666666666
sub51,n,r,25%,75%,0.9166666666666666
sub51,n,r,75%,25%,0.9166666666666666
sub51,n,r,75%,75%,0.9166666666666666
sub51,n,s,25%,25%,0.9166666666666666
sub51,n,s,25%,75%,0.9166666666666666
sub51,n,s,75%,25%,0.9166666666666666
sub51,n,s,75%,75%,0.9166666666666666
sub52,d,r,25%,25%,1
sub52,d,r,25%,75%,1
sub52,d,r,75%,25%,1
sub52,d,r,75%,75%,1
sub52,d,s,25%,25%,1
sub52,d,s,25%,75%,1
sub52,d,s,75%,25%,1
sub52,d,s,75%,75%,1
sub52,n,r,25%,25%,1
sub52,n,r,25%,75%,0.8333333333333334
sub52,n,r,75%,25%,1
sub52,n,r,75%,75%,1
sub52,n,s,25%,25%,0.9166666666666666
sub52,n,s,25%,75%,1
sub52,n,s,75%,25%,0.8333333333333334
sub52,n,s,75%,75%,1
sub53,d,r,25%,25%,0.75
sub53,d,r,25%,75%,0.9166666666666666
sub53,d,r,75%,25%,0.8333333333333334
sub53,d,r,75%,75%,0.75
sub53,d,s,25%,25%,0.8333333333333334
sub53,d,s,25%,75%,0.8333333333333334
sub53,d,s,75%,25%,0.75
sub53,d,s,75%,75%,0.9166666666666666
sub53,n,r,25%,25%,0.8333333333333334
sub53,n,r,25%,75%,1
sub53,n,r,75%,25%,1
sub53,n,r,75%,75%,1
sub53,n,s,25%,25%,0.75
sub53,n,s,25%,75%,1
sub53,n,s,75%,25%,0.9166666666666666
sub53,n,s,75%,75%,0.9166666666666666
sub54,d,r,25%,25%,0.75
sub54,d,r,25%,75%,0.9166666666666666
sub54,d,r,75%,25%,0.5833333333333334
sub54,d,r,75%,75%,0.9166666666666666
sub54,d,s,25%,25%,0.3333333333333333
sub54,d,s,25%,75%,0.9166666666666666
sub54,d,s,75%,25%,0.6666666666666666
sub54,d,s,75%,75%,1
sub54,n,r,25%,25%,0.5833333333333334
sub54,n,r,25%,75%,0.9166666666666666
sub54,n,r,75%,25%,0.5
sub54,n,r,75%,75%,0.9166666666666666
sub54,n,s,25%,25%,0.4166666666666667
sub54,n,s,25%,75%,0.9166666666666666
sub54,n,s,75%,25%,0.75
sub54,n,s,75%,75%,0.9166666666666666
sub55,d,r,25%,25%,0.9166666666666666
sub55,d,r,25%,75%,1
sub55,d,r,75%,25%,1
sub55,d,r,75%,75%,1
sub55,d,s,25%,25%,1
sub55,d,s,25%,75%,1
sub55,d,s,75%,25%,1
sub55,d,s,75%,75%,0.9166666666666666
sub55,n,r,25%,25%,1
sub55,n,r,25%,75%,0.8333333333333334
sub55,n,r,75%,25%,1
sub55,n,r,75%,75%,1
sub55,n,s,25%,25%,1
sub55,n,s,25%,75%,0.9166666666666666
sub55,n,s,75%,25%,1
sub55,n,s,75%,75%,1
sub56,d,r,25%,25%,1
sub56,d,r,25%,75%,0.9166666666666666
sub56,d,r,75%,25%,0.75
sub56,d,r,75%,75%,1
sub56,d,s,25%,25%,0.8333333333333334
sub56,d,s,25%,75%,0.9166666666666666
sub56,d,s,75%,25%,0.9166666666666666
sub56,d,s,75%,75%,0.8333333333333334
sub56,n,r,25%,25%,0.9166666666666666
sub56,n,r,25%,75%,1
sub56,n,r,75%,25%,1
sub56,n,r,75%,75%,0.9166666666666666
sub56,n,s,25%,25%,0.9166666666666666
sub56,n,s,25%,75%,0.8333333333333334
sub56,n,s,75%,25%,1
sub56,n,s,75%,75%,0.8333333333333334
sub57,d,r,25%,25%,0.9166666666666666
sub57,d,r,25%,75%,1
sub57,d,r,75%,25%,1
sub57,d,r,75%,75%,0.9166666666666666
sub57,d,s,25%,25%,1
sub57,d,s,25%,75%,0.9166666666666666
sub57,d,s,75%,25%,1
sub57,d,s,75%,75%,0.75
sub57,n,r,25%,25%,1
sub57,n,r,25%,75%,1
sub57,n,r,75%,25%,0.9166666666666666
sub57,n,r,75%,75%,1
sub57,n,s,25%,25%,0.9166666666666666
sub57,n,s,25%,75%,1
sub57,n,s,75%,25%,1
sub57,n,s,75%,75%,0.9166666666666666
sub58,d,r,25%,25%,0.8333333333333334
sub58,d,r,25%,75%,1
sub58,d,r,75%,25%,1
sub58,d,r,75%,75%,1
sub58,d,s,25%,25%,0.8333333333333334
sub58,d,s,25%,75%,0.75
sub58,d,s,75%,25%,0.8333333333333334
sub58,d,s,75%,75%,0.8333333333333334
sub58,n,r,25%,25%,0.9166666666666666
sub58,n,r,25%,75%,0.8333333333333334
sub58,n,r,75%,25%,0.9166666666666666
sub58,n,r,75%,75%,0.9166666666666666
sub58,n,s,25%,25%,0.9166666666666666
sub58,n,s,25%,75%,0.8333333333333334
sub58,n,s,75%,25%,1
sub58,n,s,75%,75%,1
sub59,d,r,25%,25%,0.9166666666666666
sub59,d,r,25%,75%,1
sub59,d,r,75%,25%,0.9166666666666666
sub59,d,r,75%,75%,1
sub59,d,s,25%,25%,0.9166666666666666
sub59,d,s,25%,75%,1
sub59,d,s,75%,25%,0.9166666666666666
sub59,d,s,75%,75%,1
sub59,n,r,25%,25%,0.9166666666666666
sub59,n,r,25%,75%,0.8333333333333334
sub59,n,r,75%,25%,1
sub59,n,r,75%,75%,1
sub59,n,s,25%,25%,0.9166666666666666
sub59,n,s,25%,75%,1
sub59,n,s,75%,25%,0.9166666666666666
sub59,n,s,75%,75%,0.9166666666666666
sub6,d,r,25%,25%,1
sub6,d,r,25%,75%,0.8333333333333334
sub6,d,r,75%,25%,1
sub6,d,r,75%,75%,0.8333333333333334
sub6,d,s,25%,25%,1
sub6,d,s,25%,75%,0.75
sub6,d,s,75%,25%,1
sub6,d,s,75%,75%,1
sub6,n,r,25%,25%,1
sub6,n,r,25%,75%,0.9166666666666666
sub6,n,r,75%,25%,0.9166666666666666
sub6,n,r,75%,75%,1
sub6,n,s,25%,25%,1
sub6,n,s,25%,75%,0.8333333333333334
sub6,n,s,75%,25%,0.9166666666666666
sub6,n,s,75%,75%,0.9166666666666666
sub60,d,r,25%,25%,0.9166666666666666
sub60,d,r,25%,75%,0.75
sub60,d,r,75%,25%,0.75
sub60,d,r,75%,75%,1
sub60,d,s,25%,25%,0.8333333333333334
sub60,d,s,25%,75%,1
sub60,d,s,75%,25%,0.9166666666666666
sub60,d,s,75%,75%,1
sub60,n,r,25%,25%,0.9166666666666666
sub60,n,r,25%,75%,0.9166666666666666
sub60,n,r,75%,25%,0.9166666666666666
sub60,n,r,75%,75%,0.8333333333333334
sub60,n,s,25%,25%,0.8333333333333334
sub60,n,s,25%,75%,0.9166666666666666
sub60,n,s,75%,25%,0.9166666666666666
sub60,n,s,75%,75%,0.9166666666666666
sub7,d,r,25%,25%,0.9166666666666666
sub7,d,r,25%,75%,1
sub7,d,r,75%,25%,0.8333333333333334
sub7,d,r,75%,75%,1
sub7,d,s,25%,25%,0.8333333333333334
sub7,d,s,25%,75%,1
sub7,d,s,75%,25%,0.9166666666666666
sub7,d,s,75%,75%,0.9166666666666666
sub7,n,r,25%,25%,1
sub7,n,r,25%,75%,1
sub7,n,r,75%,25%,1
sub7,n,r,75%,75%,0.9166666666666666
sub7,n,s,25%,25%,1
sub7,n,s,25%,75%,1
sub7,n,s,75%,25%,1
sub7,n,s,75%,75%,0.8333333333333334
sub8,d,r,25%,25%,0.8333333333333334
sub8,d,r,25%,75%,1
sub8,d,r,75%,25%,1
sub8,d,r,75%,75%,0.9166666666666666
sub8,d,s,25%,25%,1
sub8,d,s,25%,75%,0.9166666666666666
sub8,d,s,75%,25%,0.9166666666666666
sub8,d,s,75%,75%,0.6666666666666666
sub8,n,r,25%,25%,1
sub8,n,r,25%,75%,1
sub8,n,r,75%,25%,0.8333333333333334
sub8,n,r,75%,75%,0.9166666666666666
sub8,n,s,25%,25%,1
sub8,n,s,25%,75%,0.9166666666666666
sub8,n,s,75%,25%,0.8333333333333334
sub8,n,s,75%,75%,1
sub9,d,r,25%,25%,0.8333333333333334
sub9,d,r,25%,75%,0.8333333333333334
sub9,d,r,75%,25%,0.6666666666666666
sub9,d,r,75%,75%,0.9166666666666666
sub9,d,s,25%,25%,0.9166666666666666
sub9,d,s,25%,75%,1
sub9,d,s,75%,25%,0.8333333333333334
sub9,d,s,75%,75%,0.9166666666666666
sub9,n,r,25%,25%,0.8333333333333334
sub9,n,r,25%,75%,1
sub9,n,r,75%,25%,0.8333333333333334
sub9,n,r,75%,75%,0.9166666666666666
sub9,n,s,25%,25%,0.8333333333333334
sub9,n,s,25%,75%,1
sub9,n,s,75%,25%,0.8333333333333334
sub9,n,s,75%,75%,0.75
