subject,congruency,taskSequence,switchProp,incongruentProp,mean_RT,sem
sub1,c,r,25%,25%,1036.9166666666667,40.48240514424293
sub1,c,r,25%,75%,1106.75,49.59748970309369
sub1,c,r,75%,25%,1022,42.333989496227105
sub1,c,r,75%,75%,973.1818181818181,35.87574976899582
sub1,c,s,25%,25%,1035.0833333333333,32.68593857927413
sub1,c,s,25%,75%,1021.2222222222222,48.930159348066304
sub1,c,s,75%,25%,1049.9166666666667,30.62615695608886
sub1,c,s,75%,75%,1008.5,31.378312332700194
sub1,i,r,25%,25%,951.5714285714286,34.30039368291159
sub1,i,r,25%,75%,1090.3333333333333,46.96990224784077
sub1,i,r,75%,25%,1030.1666666666667,24.242410037874627
sub1,i,r,75%,75%,982.0909090909091,38.866778182414244
sub1,i,s,25%,25%,1030.1,31.642253747516502
sub1,i,s,25%,75%,1104.5,42.450821219644524
sub1,i,s,75%,25%,1125.2,39.34739861512801
sub1,i,s,75%,75%,1024,35.49960876153739
sub10,c,r,25%,25%,746.9166666666666,76.35210087535776
sub10,c,r,25%,75%,796.6363636363636,43.333017587321805
sub10,c,r,75%,25%,868.0909090909091,57.79469219816809
sub10,c,r,75%,75%,995.5,67.07204403407646
sub10,c,s,25%,25%,892.3333333333334,36.17116994725959
sub10,c,s,25%,75%,833.375,73.62621269920497
sub10,c,s,75%,25%,879.6666666666666,50.30502916802613
sub10,c,s,75%,75%,998.2222222222222,58.401098205469886
sub10,i,r,25%,25%,797.1818181818181,66.98694827852229
sub10,i,r,25%,75%,704.5833333333334,65.99718294416556
sub10,i,r,75%,25%,952.9090909090909,57.65295144151212
sub10,i,r,75%,75%,895.1818181818181,55.43642028680131
sub10,i,s,25%,25%,1076.8,52.550039644767786
sub10,i,s,25%,75%,932.8181818181819,71.2645287492399
sub10,i,s,75%,25%,895.5714285714286,104.60329985299725
sub10,i,s,75%,75%,1016.7272727272727,63.75123398578842
sub11,c,r,25%,25%,592.2,29.037064436872935
sub11,c,r,25%,75%,651.8333333333334,44.60412287869562
sub11,c,r,75%,25%,644.75,38.35166722305406
sub11,c,r,75%,75%,611.5833333333334,28.111643854495956
sub11,c,s,25%,25%,741.6666666666666,37.471841279671445
sub11,c,s,25%,75%,833.8333333333334,42.397440126650686
sub11,c,s,75%,25%,719.5454545454545,29.656323451519697
sub11,c,s,75%,75%,812.8181818181819,43.77999090116152
sub11,i,r,25%,25%,642.3636363636364,36.75280390720309
sub11,i,r,25%,75%,751.0909090909091,52.59492795204678
sub11,i,r,75%,25%,692.6363636363636,28.727013807809012
sub11,i,r,75%,75%,728.5833333333334,67.96617455645408
sub11,i,s,25%,25%,882.2,66.01158147544179
sub11,i,s,25%,75%,901.6666666666666,51.04978754197521
sub11,i,s,75%,25%,870.9090909090909,36.530797603579906
sub11,i,s,75%,75%,834.4166666666666,40.11828313143698
sub12,c,r,25%,25%,690.8333333333334,63.33435007158358
sub12,c,r,25%,75%,757.3333333333334,49.36848665644386
sub12,c,r,75%,25%,716.4166666666666,56.72307241717822
sub12,c,r,75%,75%,810.4166666666666,52.844462789158406
sub12,c,s,25%,25%,819.5,86.6131682199128
sub12,c,s,25%,75%,947.1666666666666,62.03406118798565
sub12,c,s,75%,25%,720.3333333333334,48.15620626689982
sub12,c,s,75%,75%,1042.6666666666667,67.07055684843833
sub12,i,r,25%,25%,914.2222222222222,105.78027249625855
sub12,i,r,25%,75%,923.8333333333334,63.67029578741225
sub12,i,r,75%,25%,785.1666666666666,71.58432549494098
sub12,i,r,75%,75%,792.75,51.98690467392493
sub12,i,s,25%,25%,889.3636363636364,60.247862689706146
sub12,i,s,25%,75%,962,55.16762335524947
sub12,i,s,75%,25%,894.8181818181819,54.35151886843444
sub12,i,s,75%,75%,845.5,61.51379495444068
sub13,c,r,25%,25%,831.6666666666666,25.268357663091187
sub13,c,r,25%,75%,876.4166666666666,24.942193268646307
sub13,c,r,75%,25%,907.75,49.63520332476648
sub13,c,r,75%,75%,907.4545454545455,44.70903175714228
sub13,c,s,25%,25%,909.5833333333334,32.68732919494938
sub13,c,s,25%,75%,864.4166666666666,33.59889480806225
sub13,c,s,75%,25%,865.0833333333334,46.07001561084865
sub13,c,s,75%,75%,1080.0833333333333,77.29493479164366
sub13,i,r,25%,25%,925,35.116314663636835
sub13,i,r,25%,75%,929.375,56.12865880533503
sub13,i,r,75%,25%,1071.8333333333333,68.80620934511975
sub13,i,r,75%,75%,1059.2727272727273,64.98966224213746
sub13,i,s,25%,25%,1055,44.09810491555002
sub13,i,s,25%,75%,931.4,30.63773998047361
sub13,i,s,75%,25%,1028,121.09376532257969
sub13,i,s,75%,75%,1133.125,65.64227663741453
sub14,c,r,25%,25%,925.25,32.084435242785325
sub14,c,r,25%,75%,1009.1666666666666,50.322118959416414
sub14,c,r,75%,25%,864,21.532216876958202
sub14,c,r,75%,75%,1087,56.954048463332576
sub14,c,s,25%,25%,970.75,50.84783076926089
sub14,c,s,25%,75%,1048.75,43.0653353181025
sub14,c,s,75%,25%,877.6666666666666,17.862409035895933
sub14,c,s,75%,75%,988,37.600773686430735
sub14,i,r,25%,25%,1150.3,57.39745445381508
sub14,i,r,25%,75%,993,45.7600019425019
sub14,i,r,75%,25%,1016,44.78442189472187
sub14,i,r,75%,75%,1041.9,34.06479120734486
sub14,i,s,25%,25%,1073.7,46.433476908129315
sub14,i,s,25%,75%,1024.909090909091,54.790419624644485
sub14,i,s,75%,25%,1001.7272727272727,30.534359456815476
sub14,i,s,75%,75%,998,21.061286232748888
sub15,c,r,25%,25%,937.4166666666666,25.37550069168164
sub15,c,r,25%,75%,1044.4545454545455,50.82686541519047
sub15,c,r,75%,25%,968.2,40.965785181728855
sub15,c,r,75%,75%,1081.909090909091,44.711286869801896
sub15,c,s,25%,25%,972.3333333333334,45.488482280705085
sub15,c,s,25%,75%,1088.7272727272727,29.790508222675374
sub15,c,s,75%,25%,1015.5833333333334,49.83221215927373
sub15,c,s,75%,75%,1109.6363636363637,50.477947070932544
sub15,i,r,25%,25%,1000.625,29.081128822166246
sub15,i,r,25%,75%,1069.7,55.969048986421456
sub15,i,r,75%,25%,1030.8333333333333,51.25649010396418
sub15,i,r,75%,75%,1031,34.20630685372843
sub15,i,s,25%,25%,1073.142857142857,97.53861959718914
sub15,i,s,25%,75%,1283,38.07792761467687
sub15,i,s,75%,25%,1069.4,53.98275444785842
sub15,i,s,75%,75%,1277,72.98173287428392
sub16,c,r,25%,25%,877.4166666666666,47.04534536170417
sub16,c,r,25%,75%,846.25,32.14223243741178
sub16,c,r,75%,25%,933.5833333333334,61.60817762687881
sub16,c,r,75%,75%,944.3636363636364,47.96556960746526
sub16,c,s,25%,25%,803.1818181818181,26.21929136474557
sub16,c,s,25%,75%,919.6666666666666,63.872663728054846
sub16,c,s,75%,25%,920.5454545454545,67.71321391606645
sub16,c,s,75%,75%,1022.9090909090909,51.03340341837697
sub16,i,r,25%,25%,937.125,32.679415484805894
sub16,i,r,25%,75%,929.3636363636364,39.420408357110176
sub16,i,r,75%,25%,878,54.4305878058366
sub16,i,r,75%,75%,1022.6363636363636,58.49899342215179
sub16,i,s,25%,25%,934.8571428571429,42.01667955162827
sub16,i,s,25%,75%,1010.2727272727273,54.65380148286966
sub16,i,s,75%,25%,1039.25,61.21442115337576
sub16,i,s,75%,75%,1030,64.86738608713763
sub17,c,r,25%,25%,1013.4545454545455,50.065114625648654
sub17,c,r,25%,75%,1031,45.33063717472618
sub17,c,r,75%,25%,1054.2727272727273,52.15921271524696
sub17,c,r,75%,75%,1204,81.63857631571696
sub17,c,s,25%,25%,1086.8,52.74146587100345
sub17,c,s,25%,75%,1123.2,95.51094178155714
sub17,c,s,75%,25%,1078,38.432046812812644
sub17,c,s,75%,75%,1256.25,66.51067314993243
sub17,i,r,25%,25%,1135,61.24036102262803
sub17,i,r,25%,75%,1046.3,44.91870434462685
sub17,i,r,75%,25%,1084,54.46762545055753
sub17,i,r,75%,75%,1088,47.068615291450264
sub17,i,s,25%,25%,1133.142857142857,57.629534661544184
sub17,i,s,25%,75%,1171.75,42.65828368167977
sub17,i,s,75%,25%,1017.3333333333334,72.06740671837105
sub17,i,s,75%,75%,1206,46.02272166105465
sub18,c,r,25%,25%,914.0909090909091,61.30763774833435
sub18,c,r,25%,75%,860.1111111111111,87.6711729583974
sub18,c,r,75%,25%,1012.2222222222222,55.301139675260906
sub18,c,r,75%,75%,1026.4545454545455,52.59854191486916
sub18,c,s,25%,25%,950.5833333333334,27.306747510385776
sub18,c,s,25%,75%,929.5833333333334,33.334498085710884
sub18,c,s,75%,25%,942.5454545454545,30.66604982012271
sub18,c,s,75%,75%,952.3333333333334,38.93610409401796
sub18,i,r,25%,25%,807.6666666666666,50.55335215533599
sub18,i,r,25%,75%,767.9166666666666,40.74801693135979
sub18,i,r,75%,25%,856.9166666666666,56.85247500453621
sub18,i,r,75%,75%,921.6363636363636,63.81197846048438
sub18,i,s,25%,25%,1063.8181818181818,33.77568199481509
sub18,i,s,25%,75%,964.3636363636364,56.8803005885282
sub18,i,s,75%,25%,1040.2727272727273,41.248270687517845
sub18,i,s,75%,75%,1028.1666666666667,33.126669959811274
sub19,c,r,25%,25%,909.5454545454545,41.272787344770066
sub19,c,r,25%,75%,978.5,33.524640417930144
sub19,c,r,75%,25%,959.5,42.61712914978785
sub19,c,r,75%,75%,955.3333333333334,57.7052769675269
sub19,c,s,25%,25%,1047.7272727272727,48.222041529327626
sub19,c,s,25%,75%,955.3333333333334,49.24449412899073
sub19,c,s,75%,25%,870.4166666666666,32.11566650956407
sub19,c,s,75%,75%,972.25,38.04206702633762
sub19,i,r,25%,25%,1103.2727272727273,41.83019590267536
sub19,i,r,25%,75%,1074.090909090909,75.64191413200567
sub19,i,r,75%,25%,1101.3,65.2399076911943
sub19,i,r,75%,75%,1015.0909090909091,48.98561097551636
sub19,i,s,25%,25%,1060.8,27.815583162440916
sub19,i,s,25%,75%,987.5,40.14729823481968
sub19,i,s,75%,25%,1161.888888888889,56.45116976557026
sub19,i,s,75%,75%,1077.8333333333333,27.18339325188945
sub2,c,r,25%,25%,957.9166666666666,37.72216178719069
sub2,c,r,25%,75%,1085.6,58.676173472145685
sub2,c,r,75%,25%,1043.5,38.25502541754442
sub2,c,r,75%,75%,1106.909090909091,54.10872128417252
sub2,c,s,25%,25%,1115.5833333333333,43.43219346628638
sub2,c,s,25%,75%,1157.6666666666667,45.58946139075335
sub2,c,s,75%,25%,1134.3636363636363,48.104861354653266
sub2,c,s,75%,75%,1119.0833333333333,36.717690050250475
sub2,i,r,25%,25%,1082,43.25400664573273
sub2,i,r,25%,75%,1176.5,49.93958471205104
sub2,i,r,75%,25%,1129.2222222222222,46.91771099423193
sub2,i,r,75%,75%,1158.090909090909,42.40957322146081
sub2,i,s,25%,25%,1214.6666666666667,26.28159474275148
sub2,i,s,25%,75%,1144.9166666666667,42.94331329282426
sub2,i,s,75%,25%,1086.625,53.71749432381011
sub2,i,s,75%,75%,1165.9,61.34591356489126
sub20,c,r,25%,25%,1019.6,43.365680234745795
sub20,c,r,25%,75%,971.2,53.026576146096566
sub20,c,r,75%,25%,938.125,36.8740314642781
sub20,c,r,75%,75%,1070.090909090909,56.06432256313109
sub20,c,s,25%,25%,1084.125,60.629270836311875
sub20,c,s,25%,75%,973.0833333333334,29.003776748150674
sub20,c,s,75%,25%,963.6363636363636,38.17621170959565
sub20,c,s,75%,75%,1145.111111111111,76.8048472943032
sub20,i,r,25%,25%,1167.4444444444443,57.56737866552336
sub20,i,r,25%,75%,1025.7777777777778,49.625759937583986
sub20,i,r,75%,25%,1144,52.31347818679236
sub20,i,r,75%,75%,1221,67.13242066812357
sub20,i,s,25%,25%,1081.8333333333333,69.857672767166
sub20,i,s,25%,75%,1165.3,48.696121223586395
sub20,i,s,75%,25%,905.4,42.26653522587343
sub20,i,s,75%,75%,1229.5,69.7217087187819
sub21,c,r,25%,25%,881.25,19.871604912995373
sub21,c,r,25%,75%,851.5,23.01860249029164
sub21,c,r,75%,25%,862.1818181818181,22.21294388488518
sub21,c,r,75%,75%,906,27.611921009197854
sub21,c,s,25%,25%,939.25,44.43997057659338
sub21,c,s,25%,75%,960,33.89019702724454
sub21,c,s,75%,25%,915.3333333333334,28.771654120124566
sub21,c,s,75%,75%,893.6666666666666,24.276916749634555
sub21,i,r,25%,25%,1019.5,55.76833458923749
sub21,i,r,25%,75%,954.2,44.3433071487557
sub21,i,r,75%,25%,1094.909090909091,43.632234653137424
sub21,i,r,75%,75%,1092,34.2448845991941
sub21,i,s,25%,25%,1111.6,52.34653761233879
sub21,i,s,25%,75%,1050.4545454545455,40.63325186377277
sub21,i,s,75%,25%,1083,54.982421433278716
sub21,i,s,75%,75%,990.4166666666666,24.336485370776533
sub22,c,r,25%,25%,911.9166666666666,15.55316314575218
sub22,c,r,25%,75%,989.7272727272727,44.741294919507865
sub22,c,r,75%,25%,908.8333333333334,27.92924863459326
sub22,c,r,75%,75%,992.4166666666666,57.34233434453822
sub22,c,s,25%,25%,979.1818181818181,52.1743263548128
sub22,c,s,25%,75%,946.1666666666666,29.08942152130985
sub22,c,s,75%,25%,896.9166666666666,30.984223339622314
sub22,c,s,75%,75%,918,33.23743781832879
sub22,i,r,25%,25%,1003.1666666666666,81.7192007901312
sub22,i,r,25%,75%,1134.1818181818182,36.72448234224392
sub22,i,r,75%,25%,995.125,59.33032153605295
sub22,i,r,75%,75%,1086.9,43.4415187989043
sub22,i,s,25%,25%,986.1428571428571,52.76517094927413
sub22,i,s,25%,75%,1082.7272727272727,58.746309889386545
sub22,i,s,75%,25%,1081.3333333333333,43.47956097090014
sub22,i,s,75%,75%,1092.3,39.87286741075384
sub23,c,r,25%,25%,935.8333333333334,35.539528426923184
sub23,c,r,25%,75%,927.3333333333334,24.02376769246269
sub23,c,r,75%,25%,884.4166666666666,32.53610077337716
sub23,c,r,75%,75%,953,38.169954866955955
sub23,c,s,25%,25%,996.7272727272727,40.78192356003084
sub23,c,s,25%,75%,947.0909090909091,44.741775180260696
sub23,c,s,75%,25%,955.3333333333334,49.723071489841
sub23,c,s,75%,75%,937.0833333333334,40.72421257555498
sub23,i,r,25%,25%,1024.8181818181818,44.389969829766756
sub23,i,r,25%,75%,950.5555555555555,60.38237213125641
sub23,i,r,75%,25%,983.375,70.61741425759351
sub23,i,r,75%,75%,938.1818181818181,38.07261439594277
sub23,i,s,25%,25%,1024.75,19.970290433541518
sub23,i,s,25%,75%,1065,57.87976042336964
sub23,i,s,75%,25%,1095.375,48.416694840578636
sub23,i,s,75%,75%,1048.4545454545455,48.457172025007374
sub24,c,r,25%,25%,907,34.142748464751236
sub24,c,r,25%,75%,919.7777777777778,76.38313109613524
sub24,c,r,75%,25%,936,46.36713395403161
sub24,c,r,75%,75%,1026.1818181818182,62.184011125605444
sub24,c,s,25%,25%,1035.1818181818182,40.582759031126905
sub24,c,s,25%,75%,1119.4545454545455,46.85342010148898
sub24,c,s,75%,25%,1002.6,44.85140899558105
sub24,c,s,75%,75%,1104.888888888889,68.33281390949828
sub24,i,r,25%,25%,1058.8333333333333,54.30802068857888
sub24,i,r,25%,75%,974.7142857142857,52.08450746975867
sub24,i,r,75%,25%,1014,90.15251627368029
sub24,i,r,75%,75%,1027,37.754848316852915
sub24,i,s,25%,25%,1001,44.639046186544405
sub24,i,s,25%,75%,1167,60.06935385641561
sub24,i,s,75%,25%,1031.1818181818182,57.88323955591638
sub24,i,s,75%,75%,1066.5555555555557,55.17424698955299
sub25,c,r,25%,25%,955.5454545454545,52.01894124195421
sub25,c,r,25%,75%,979.8181818181819,47.92566558210333
sub25,c,r,75%,25%,964.1666666666666,41.3953286292455
sub25,c,r,75%,75%,1001.8333333333334,58.34781205595607
sub25,c,s,25%,25%,1145.7272727272727,59.527394901857186
sub25,c,s,25%,75%,1054.25,55.05219630661268
sub25,c,s,75%,25%,1108.2727272727273,58.30610305013157
sub25,c,s,75%,75%,1120.4,23.31246686026837
sub25,i,r,25%,25%,1194,102.57842528199258
sub25,i,r,25%,75%,1014,48.52028629159335
sub25,i,r,75%,25%,1141.5,67.47530412429919
sub25,i,r,75%,75%,1191.625,36.65424234850391
sub25,i,s,25%,25%,1278.5,48.03384223648989
sub25,i,s,25%,75%,1114.4,59.405050290358304
sub25,i,s,75%,25%,1188.5,60.847486937971944
sub25,i,s,75%,75%,1046,44.00595197838366
sub26,c,r,25%,25%,1116.8333333333333,27.86461678700909
sub26,c,r,25%,75%,1069,28.46928169097352
sub26,c,r,75%,25%,1157.6666666666667,49.46277040932561
sub26,c,r,75%,75%,1186.6,32.41851322932623
sub26,c,s,25%,25%,1126.5,24.767861629478023
sub26,c,s,25%,75%,1085.2727272727273,32.09732101794362
sub26,c,s,75%,25%,1187.5,32.61030233195973
sub26,c,s,75%,75%,1191,44.75737059102358
sub26,i,r,25%,25%,1144.5,44.04989054632096
sub26,i,r,25%,75%,1141.6666666666667,59.3855107655806
sub26,i,r,75%,25%,1186.111111111111,52.179030602033045
sub26,i,r,75%,75%,1143,60.24892806791946
sub26,i,s,25%,25%,1179.857142857143,41.20704318636882
sub26,i,s,25%,75%,1234.6363636363637,48.92912735919405
sub26,i,s,75%,25%,1165.7142857142858,65.95803654623153
sub26,i,s,75%,75%,1148,51.97114584074513
sub27,c,r,25%,25%,801.8333333333334,36.51127541353811
sub27,c,r,25%,75%,878.25,34.686283421199185
sub27,c,r,75%,25%,799.1666666666666,34.03915600325809
sub27,c,r,75%,75%,854.75,37.090618964254496
sub27,c,s,25%,25%,888.9166666666666,46.110614424731565
sub27,c,s,25%,75%,843.5,36.20260747347887
sub27,c,s,75%,25%,856.5,41.940524266603724
sub27,c,s,75%,75%,842.6666666666666,28.71234908360843
sub27,i,r,25%,25%,886.0909090909091,52.40063402556301
sub27,i,r,25%,75%,884.5454545454545,34.55545309850495
sub27,i,r,75%,25%,962,39.07315077020422
sub27,i,r,75%,75%,991.3,39.77689167231536
sub27,i,s,25%,25%,1044.6666666666667,56.54128285303285
sub27,i,s,25%,75%,1056.6363636363637,51.30537323043318
sub27,i,s,75%,25%,902,30.334249070426427
sub27,i,s,75%,75%,895.5454545454545,26.71545811846278
sub28,c,r,25%,25%,828.3333333333334,34.507648105568975
sub28,c,r,25%,75%,952.9166666666666,36.049935555217765
sub28,c,r,75%,25%,998.2727272727273,61.73110176904212
sub28,c,r,75%,75%,847.5833333333334,30.64964736890759
sub28,c,s,25%,25%,903.6666666666666,49.46813074693605
sub28,c,s,25%,75%,970.5454545454545,47.22448587455138
sub28,c,s,75%,25%,954.3333333333334,59.02238062075618
sub28,c,s,75%,75%,914.5833333333334,37.722965100315164
sub28,i,r,25%,25%,1101.4444444444443,64.87704420053007
sub28,i,r,25%,75%,989.3333333333334,32.02776573190484
sub28,i,r,75%,25%,1062.7777777777778,49.30398276051725
sub28,i,r,75%,75%,930.3636363636364,24.43963722661601
sub28,i,s,25%,25%,1075.75,31.112485314166765
sub28,i,s,25%,75%,1061.8333333333333,31.04391643260798
sub28,i,s,75%,25%,1232.2,36.12287671576313
sub28,i,s,75%,75%,993.4,47.07658063670772
sub29,c,r,25%,25%,1013.8333333333334,33.292740434763935
sub29,c,r,25%,75%,999.8,34.320644904585734
sub29,c,r,75%,25%,988.5,34.91819444115493
sub29,c,r,75%,75%,976.6363636363636,66.36418430657974
sub29,c,s,25%,25%,1018.0833333333334,50.30068050827901
sub29,c,s,25%,75%,1129.909090909091,68.94641589279902
sub29,c,s,75%,25%,1046.090909090909,52.535088628364214
sub29,c,s,75%,75%,1137.75,51.54155796024891
sub29,i,r,25%,25%,1146.2222222222222,74.07068279274004
sub29,i,r,25%,75%,1125.1666666666667,96.85914744846997
sub29,i,r,75%,25%,1105.25,134.78771890148846
sub29,i,r,75%,75%,1161.5,49.22403432831928
sub29,i,s,25%,25%,1206,81.69979891564692
sub29,i,s,25%,75%,1190,77.10188065151199
sub29,i,s,75%,25%,1004.4,28.189714436297503
sub29,i,s,75%,75%,1161.7777777777778,68.86072452941552
sub3,c,r,25%,25%,965.4166666666666,57.30453712183246
sub3,c,r,25%,75%,897.3333333333334,48.74101833863208
sub3,c,r,75%,25%,936.4545454545455,47.388215573142354
sub3,c,r,75%,75%,871.1818181818181,41.543803428499245
sub3,c,s,25%,25%,1068.1818181818182,54.96921753156996
sub3,c,s,25%,75%,935.4166666666666,33.9130926566032
sub3,c,s,75%,25%,906.0909090909091,39.86099815049441
sub3,c,s,75%,75%,853,27.548304683030693
sub3,i,r,25%,25%,1066.6,93.84487199628971
sub3,i,r,25%,75%,968.7,58.83442869612995
sub3,i,r,75%,25%,857.4285714285714,35.380824200242074
sub3,i,r,75%,75%,925.5555555555555,69.38501901849945
sub3,i,s,25%,25%,1035.6666666666667,41.85291706281256
sub3,i,s,25%,75%,960.4444444444445,36.908336573760344
sub3,i,s,75%,25%,934.5714285714286,51.63878993402479
sub3,i,s,75%,75%,982.6666666666666,34.27422095718912
sub30,c,r,25%,25%,894.9090909090909,32.77178790735452
sub30,c,r,25%,75%,886.0833333333334,34.11177223555682
sub30,c,r,75%,25%,914.0833333333334,32.44049525397589
sub30,c,r,75%,75%,890,39.693268390944525
sub30,c,s,25%,25%,823.5833333333334,19.66902592423125
sub30,c,s,25%,75%,958.4166666666666,48.68396200563032
sub30,c,s,75%,25%,827,17.69488883573703
sub30,c,s,75%,75%,958.125,75.08624505479396
sub30,i,r,25%,25%,1052.6,50.89710753623977
sub30,i,r,25%,75%,965.6666666666666,50.725842635791786
sub30,i,r,75%,25%,944.25,53.001600380150244
sub30,i,r,75%,75%,918.5714285714286,95.17599165627381
sub30,i,s,25%,25%,898.8888888888889,58.435492554811724
sub30,i,s,25%,75%,966,47.93224384482746
sub30,i,s,75%,25%,953.3333333333334,87.68491571783854
sub30,i,s,75%,75%,954.3333333333334,59.49939308747425
sub31,c,r,25%,25%,917.6666666666666,32.19315128872894
sub31,c,r,25%,75%,941.5,36.99539283355553
sub31,c,r,75%,25%,920.25,35.020367450437135
sub31,c,r,75%,75%,990.1666666666666,21.417506763383923
sub31,c,s,25%,25%,999.8,61.243376059057276
sub31,c,s,25%,75%,972.1818181818181,33.176338277266275
sub31,c,s,75%,25%,992.4166666666666,39.8056753859207
sub31,c,s,75%,75%,1100.7,42.89601121057502
sub31,i,r,25%,25%,1076.7777777777778,57.320681205191214
sub31,i,r,25%,75%,998.0909090909091,40.71641494877701
sub31,i,r,75%,25%,989.5,42.129232395359665
sub31,i,r,75%,75%,1137.9,36.85993006564777
sub31,i,s,25%,25%,1160.5,50.289881907022036
sub31,i,s,25%,75%,1126.8,31.25408417755634
sub31,i,s,75%,25%,1122,57.644311659231974
sub31,i,s,75%,75%,1107.3333333333333,37.7422143954849
sub32,c,r,25%,25%,1039.111111111111,68.45486031856736
sub32,c,r,25%,75%,1011.2727272727273,55.42383650463547
sub32,c,r,75%,25%,929.75,27.482535776876063
sub32,c,r,75%,75%,1094.9166666666667,53.01264262209325
sub32,c,s,25%,25%,1194.6363636363637,49.57607060729505
sub32,c,s,25%,75%,1137,56.003381932511786
sub32,c,s,75%,25%,1087.3636363636363,66.09446032724992
sub32,c,s,75%,75%,973.8,28.957746996462124
sub32,i,r,25%,25%,1005.3333333333334,96.63390249343712
sub32,i,r,25%,75%,1013.5,64.77273790536861
sub32,i,r,75%,25%,1150.9,48.02440351876671
sub32,i,r,75%,75%,1069.3,60.2944718306192
sub32,i,s,25%,25%,1243.625,70.63359618987472
sub32,i,s,25%,75%,1070.6666666666667,57.818441886842834
sub32,i,s,75%,25%,1050.9,61.40674049139702
sub32,i,s,75%,75%,1200.5,78.15316159098535
sub33,c,r,25%,25%,794.7272727272727,36.443253748830564
sub33,c,r,25%,75%,917.7,83.27238437801573
sub33,c,r,75%,25%,859.6666666666666,49.58973093435186
sub33,c,r,75%,75%,1025.3636363636363,64.40218414241903
sub33,c,s,25%,25%,797.5555555555555,37.4603906039103
sub33,c,s,25%,75%,1067.909090909091,63.72461413206825
sub33,c,s,75%,25%,1028.111111111111,79.70630890345096
sub33,c,s,75%,75%,1139.7,58.87747163955553
sub33,i,r,25%,25%,956.9090909090909,67.30506593731593
sub33,i,r,25%,75%,957.3636363636364,86.95926661136683
sub33,i,r,75%,25%,886.875,51.683942484240546
sub33,i,r,75%,75%,1063.8,75.60949381893491
sub33,i,s,25%,25%,836.8888888888889,45.29730322008525
sub33,i,s,25%,75%,1002.1666666666666,74.0910407757397
sub33,i,s,75%,25%,897.1111111111111,54.318363081937896
sub33,i,s,75%,75%,1064,51.040942171728936
sub34,c,r,25%,25%,1039.111111111111,49.47598868936449
sub34,c,r,25%,75%,1082.3636363636363,49.17413820056834
sub34,c,r,75%,25%,1072.6363636363637,50.41180827170496
sub34,c,r,75%,75%,1162.25,44.74800474402661
sub34,c,s,25%,25%,1053.7777777777778,56.76921548833042
sub34,c,s,25%,75%,1239.5,44.50549279458535
sub34,c,s,75%,25%,1138.5833333333333,40.184509742341305
sub34,c,s,75%,75%,1130.75,62.385824282673155
sub34,i,r,25%,25%,1129.888888888889,58.47802161791795
sub34,i,r,25%,75%,1093.909090909091,66.40912513221693
sub34,i,r,75%,25%,1071.4,57.231925822335675
sub34,i,r,75%,75%,1135.111111111111,79.40463260422747
sub34,i,s,25%,25%,1049.3333333333333,74.88676637282303
sub34,i,s,25%,75%,1086.3636363636363,57.17759776302616
sub34,i,s,75%,25%,1169.857142857143,54.39950479966688
sub34,i,s,75%,75%,1143.875,88.60877848723567
sub35,c,r,25%,25%,787.5833333333334,55.68219593770027
sub35,c,r,25%,75%,924.1666666666666,78.22353684903105
sub35,c,r,75%,25%,871.3333333333334,46.524187257812464
sub35,c,r,75%,75%,876.1666666666666,51.47444693115883
sub35,c,s,25%,25%,879.4166666666666,51.37672187387057
sub35,c,s,25%,75%,924.0833333333334,50.33004078133163
sub35,c,s,75%,25%,971.2222222222222,59.409543233057214
sub35,c,s,75%,75%,847,58.303672112639546
sub35,i,r,25%,25%,840.6363636363636,59.906787098757576
sub35,i,r,25%,75%,797,51.75888153913122
sub35,i,r,75%,25%,926.0909090909091,92.16974997208877
sub35,i,r,75%,75%,908,73.21181391667398
sub35,i,s,25%,25%,964.3636363636364,52.762637043352896
sub35,i,s,25%,75%,862.8333333333334,61.196632078716384
sub35,i,s,75%,25%,929.2222222222222,69.1101732698068
sub35,i,s,75%,75%,929.1666666666666,61.02506108811429
sub36,c,r,25%,25%,967.5454545454545,47.42139211107226
sub36,c,r,25%,75%,940.3636363636364,40.21945995009985
sub36,c,r,75%,25%,839.5,30.577893579472995
sub36,c,r,75%,75%,969.2727272727273,36.17258904677833
sub36,c,s,25%,25%,892.1666666666666,27.236293003374314
sub36,c,s,25%,75%,1001.3636363636364,48.049268791574335
sub36,c,s,75%,25%,906.25,42.08777354313462
sub36,c,s,75%,75%,978.0909090909091,41.629197477787486
sub36,i,r,25%,25%,1014.875,64.45248457474035
sub36,i,r,25%,75%,1047.1666666666667,59.54573405748261
sub36,i,r,75%,25%,982.1,44.98183584020949
sub36,i,r,75%,75%,1035.25,52.338100707938246
sub36,i,s,25%,25%,982.1428571428571,23.148000604216104
sub36,i,s,25%,75%,1120.2727272727273,49.027281998549434
sub36,i,s,75%,25%,1177.8,112.93290043207071
sub36,i,s,75%,75%,1021,45.56192367414801
sub37,c,r,25%,25%,917.5454545454545,29.202541494740938
sub37,c,r,25%,75%,1036.3636363636363,50.5355451372007
sub37,c,r,75%,25%,929.9166666666666,37.06269429063149
sub37,c,r,75%,75%,1044.25,52.680731484072716
sub37,c,s,25%,25%,1088.3333333333333,42.54593477239119
sub37,c,s,25%,75%,1037.2222222222222,45.200103790987576
sub37,c,s,75%,25%,1057.4166666666667,40.88999624516115
sub37,c,s,75%,75%,1129.75,62.28893147942485
sub37,i,r,25%,25%,1123.8,41.68794123537938
sub37,i,r,25%,75%,993.2,29.785082022903865
sub37,i,r,75%,25%,1191.2,52.6809685222704
sub37,i,r,75%,75%,1123.909090909091,53.81153214447195
sub37,i,s,25%,25%,1229.25,45.06453705520561
sub37,i,s,25%,75%,1054.7272727272727,38.667367239782415
sub37,i,s,75%,25%,1117.625,41.81461531057566
sub37,i,s,75%,75%,1161.2,41.55767077207287
sub38,c,r,25%,25%,1005.9,64.34083721349398
sub38,c,r,25%,75%,1012.8333333333334,48.46911439777965
sub38,c,r,75%,25%,934.5833333333334,55.36838863102266
sub38,c,r,75%,75%,1090,77.76316024255374
sub38,c,s,25%,25%,1040.25,50.45176589395243
sub38,c,s,25%,75%,1038.3333333333333,41.56308336721302
sub38,c,s,75%,25%,1011.5,40.274155183660604
sub38,c,s,75%,75%,1094.6363636363637,46.63616870418236
sub38,i,r,25%,25%,1035.25,70.68615279508214
sub38,i,r,25%,75%,1010,53.54861852050476
sub38,i,r,75%,25%,1067.75,56.561460939727894
sub38,i,r,75%,75%,998.7777777777778,58.65738036773325
sub38,i,s,25%,25%,1037,51.42686284639792
sub38,i,s,25%,75%,993.3636363636364,32.010587091623506
sub38,i,s,75%,25%,934.6666666666666,41.63365358830655
sub38,i,s,75%,75%,1106.6363636363637,36.0681861144524
sub39,c,r,25%,25%,817.9090909090909,35.94856288579168
sub39,c,r,25%,75%,843.3636363636364,27.735200059023363
sub39,c,r,75%,25%,955.75,59.30457146771822
sub39,c,r,75%,75%,897.6666666666666,41.45869308508449
sub39,c,s,25%,25%,952.8333333333334,36.55378630086483
sub39,c,s,25%,75%,870.6666666666666,39.12244440938803
sub39,c,s,75%,25%,851.8333333333334,31.2324698305653
sub39,c,s,75%,75%,966.5833333333334,53.65990805362261
sub39,i,r,25%,25%,1008,44.53619002813579
sub39,i,r,25%,75%,898.7272727272727,21.678263478378902
sub39,i,r,75%,25%,1084.2222222222222,36.6688551535442
sub39,i,r,75%,75%,983.6,46.649330113089505
sub39,i,s,25%,25%,1114.6363636363637,51.947223694695914
sub39,i,s,25%,75%,1081.6363636363637,45.312505343402364
sub39,i,s,75%,25%,1105.142857142857,56.44273481082547
sub39,i,s,75%,75%,1037.6666666666667,39.5270652703801
sub4,c,r,25%,25%,960.75,55.5142794898099
sub4,c,r,25%,75%,1008.0833333333334,47.10472831142251
sub4,c,r,75%,25%,1009,41.989897774959104
sub4,c,r,75%,75%,922.3636363636364,56.2809951335541
sub4,c,s,25%,25%,1057.5,50.33907753696652
sub4,c,s,25%,75%,1135.1818181818182,53.675255545281196
sub4,c,s,75%,25%,1028.125,51.852619957226565
sub4,c,s,75%,75%,875.3333333333334,23.135743477628427
sub4,i,r,25%,25%,1025.6363636363637,40.067505021871355
sub4,i,r,25%,75%,1053.25,58.320058013231325
sub4,i,r,75%,25%,1017.1111111111111,69.21513250656416
sub4,i,r,75%,75%,997.2222222222222,58.76879788576819
sub4,i,s,25%,25%,1050.8333333333333,40.02969226244767
sub4,i,s,25%,75%,1050,34.570379099904464
sub4,i,s,75%,25%,1210,25.9711378264411
sub4,i,s,75%,75%,990.5,30.572690328778624
sub40,c,r,25%,25%,787.1666666666666,69.61711664018361
sub40,c,r,25%,75%,682.25,63.476090106051075
sub40,c,r,75%,25%,667,35.1878078058554
sub40,c,r,75%,75%,900.5,82.85579842915844
sub40,c,s,25%,25%,825.75,31.791728722287427
sub40,c,s,25%,75%,808.5833333333334,62.126149563577165
sub40,c,s,75%,25%,746.5,54.79403584001058
sub40,c,s,75%,75%,994.1818181818181,55.793094747357436
sub40,i,r,25%,25%,787.25,81.1721071849714
sub40,i,r,25%,75%,738.8,68.01793881028739
sub40,i,r,75%,25%,688.1666666666666,33.15501546531159
sub40,i,r,75%,75%,919.4166666666666,81.61740552013636
sub40,i,s,25%,25%,846.75,64.48362782579589
sub40,i,s,25%,75%,904.75,49.658092355261054
sub40,i,s,75%,25%,889.5,49.76071530714554
sub40,i,s,75%,75%,959.8333333333334,39.211708465815164
sub41,c,r,25%,25%,893.9166666666666,42.2955793831168
sub41,c,r,25%,75%,972.8333333333334,58.42073538763719
sub41,c,r,75%,25%,884.6666666666666,59.73404862937524
sub41,c,r,75%,75%,937.8181818181819,47.762255577508476
sub41,c,s,25%,25%,988,62.12792277131747
sub41,c,s,25%,75%,896.9166666666666,22.32794767717686
sub41,c,s,75%,25%,828.5,30.06117500072548
sub41,c,s,75%,75%,985.0833333333334,55.6940313342698
sub41,i,r,25%,25%,961.7,63.49786523095787
sub41,i,r,25%,75%,981.0833333333334,58.722312409743154
sub41,i,r,75%,25%,963.3,60.59392158734515
sub41,i,r,75%,75%,1002,46.40598185056698
sub41,i,s,25%,25%,1058.75,38.93848170053446
sub41,i,s,25%,75%,966.3333333333334,34.80940166742951
sub41,i,s,75%,25%,1031.7,73.3406132750167
sub41,i,s,75%,75%,1038.4166666666667,61.49753115681831
sub42,c,r,25%,25%,821.3333333333334,42.18920825198421
sub42,c,r,25%,75%,808.0833333333334,20.94128094159351
sub42,c,r,75%,25%,765.5833333333334,26.353499662178542
sub42,c,r,75%,75%,852.0909090909091,36.659478383794564
sub42,c,s,25%,25%,934.4,54.55195281156812
sub42,c,s,25%,75%,878.2,32.915312208420225
sub42,c,s,75%,25%,848.4166666666666,17.354790768726158
sub42,c,s,75%,75%,943.1,34.399111745637974
sub42,i,r,25%,25%,937.4545454545455,28.747288769034338
sub42,i,r,25%,75%,808.7,35.983962477130774
sub42,i,r,75%,25%,879.7,38.51061902615663
sub42,i,r,75%,75%,811,25.831915894642403
sub42,i,s,25%,25%,994.1818181818181,36.38726505044367
sub42,i,s,25%,75%,947.6666666666666,36.854443422740765
sub42,i,s,75%,25%,909.2222222222222,29.204155801005147
sub42,i,s,75%,75%,884.1111111111111,19.60473613727932
sub43,c,r,25%,25%,941.7272727272727,33.61576765017785
sub43,c,r,25%,75%,959.6363636363636,58.46930394773168
sub43,c,r,75%,25%,922.5833333333334,65.59130327761879
sub43,c,r,75%,75%,1012.5,44.912794289702035
sub43,c,s,25%,25%,858.4166666666666,22.89417629181727
sub43,c,s,25%,75%,964.5,49.16137619199557
sub43,c,s,75%,25%,865.6666666666666,32.74403330641656
sub43,c,s,75%,75%,1017.6666666666666,29.900297285775903
sub43,i,r,25%,25%,1021.4,37.9245449690713
sub43,i,r,25%,75%,995.9090909090909,67.05865201387033
sub43,i,r,75%,25%,927.625,47.69768544099987
sub43,i,r,75%,75%,1060,49.767276579915624
sub43,i,s,25%,25%,958.7142857142857,41.28283067866758
sub43,i,s,25%,75%,973.8888888888889,35.14629917472126
sub43,i,s,75%,25%,1053.142857142857,60.44061570840327
sub43,i,s,75%,75%,1011.2222222222222,40.64916897393605
sub44,c,r,25%,25%,895.6,36.15251643308449
sub44,c,r,25%,75%,888.4545454545455,39.06390187567118
sub44,c,r,75%,25%,868.7,40.00806863065943
sub44,c,r,75%,75%,834.3,48.790265422520505
sub44,c,s,25%,25%,1006.25,84.42298899842727
sub44,c,s,25%,75%,1131.1818181818182,34.74892233301322
sub44,c,s,75%,25%,906,61.94582886914755
sub44,c,s,75%,75%,1039.25,80.08739645804808
sub44,i,r,25%,25%,968.4444444444445,54.75554540945072
sub44,i,r,25%,75%,1119.1,51.560417634719236
sub44,i,r,75%,25%,891.25,55.62237152698287
sub44,i,r,75%,75%,883,49.789198484352866
sub44,i,s,25%,25%,979.25,70.34754285484522
sub44,i,s,25%,75%,1238.375,36.884441890469596
sub44,i,s,75%,25%,902.4285714285714,67.16357329856186
sub44,i,s,75%,75%,1123.8,93.88631423162802
sub45,c,r,25%,25%,977.5,49.11986473017928
sub45,c,r,25%,75%,1113.5454545454545,55.66594578969406
sub45,c,r,75%,25%,975.7,38.29390726125154
sub45,c,r,75%,75%,1145,43.88811532370315
sub45,c,s,25%,25%,1022.8333333333334,50.719345620798585
sub45,c,s,25%,75%,1227.7,45.8061252575582
sub45,c,s,75%,25%,1072.3636363636363,50.06001357049043
sub45,c,s,75%,75%,1306.909090909091,37.556854971787786
sub45,i,r,25%,25%,1123,59.69552374806302
sub45,i,r,25%,75%,1050.7272727272727,62.02273643359138
sub45,i,r,75%,25%,1132.4444444444443,26.722915213929486
sub45,i,r,75%,75%,1167.0833333333333,40.283551484470934
sub45,i,s,25%,25%,1101,78.10089628166887
sub45,i,s,25%,75%,1188.8,35.17252715780694
sub45,i,s,75%,25%,1025.6666666666667,76.89588921247856
sub45,i,s,75%,75%,1178.1,33.501724665389325
sub46,c,r,25%,25%,951.3636363636364,65.08124610854745
sub46,c,r,25%,75%,918.4545454545455,54.11962568512019
sub46,c,r,75%,25%,948.8333333333334,28.81914171679874
sub46,c,r,75%,75%,1080.2727272727273,49.14081638221677
sub46,c,s,25%,25%,1101.5555555555557,41.190988466704674
sub46,c,s,25%,75%,1019.4545454545455,52.91972714084188
sub46,c,s,75%,25%,1087,37.04419964411065
sub46,c,s,75%,75%,1034.8333333333333,38.101704673018226
sub46,i,r,25%,25%,997.4166666666666,44.56803759138913
sub46,i,r,25%,75%,922,29.772114266185195
sub46,i,r,75%,25%,991.8888888888889,49.40182307827101
sub46,i,r,75%,75%,1116.1,63.97472591231286
sub46,i,s,25%,25%,1114.625,33.61331448569578
sub46,i,s,25%,75%,941.8888888888889,42.075145884887526
sub46,i,s,75%,25%,1145.5714285714287,71.6096751719437
sub46,i,s,75%,75%,1010.5,42.70130577806158
sub47,c,r,25%,25%,965.5,34.49407063671826
sub47,c,r,25%,75%,1110,34.07055958306277
sub47,c,r,75%,25%,1017.6666666666666,36.07301798107037
sub47,c,r,75%,75%,1056.5833333333333,48.90334597422499
sub47,c,s,25%,25%,950.1666666666666,26.919023726425117
sub47,c,s,25%,75%,1159.4166666666667,47.03471611694941
sub47,c,s,75%,25%,958.5833333333334,24.05563574531156
sub47,c,s,75%,75%,1049.25,48.77159583821367
sub47,i,r,25%,25%,1031.6666666666667,52.6230640374244
sub47,i,r,25%,75%,977.2222222222222,50.61037930925988
sub47,i,r,75%,25%,1055.75,27.289944511276886
sub47,i,r,75%,75%,1055.7,57.058459300771325
sub47,i,s,25%,25%,1121.2727272727273,32.236368763779524
sub47,i,s,25%,75%,1278.857142857143,50.38585807424094
sub47,i,s,75%,25%,1171,33.666666666666664
sub47,i,s,75%,75%,1245.6363636363637,35.526244518479245
sub48,c,r,25%,25%,1079.5833333333333,46.49722349699273
sub48,c,r,25%,75%,1090.8,59.62844213218312
sub48,c,r,75%,25%,1039.909090909091,33.837164760190305
sub48,c,r,75%,75%,1075.3636363636363,38.521368975785315
sub48,c,s,25%,25%,1050.75,40.82410996636001
sub48,c,s,25%,75%,1186.2,64.3731828222488
sub48,c,s,75%,25%,1035,53.17181983196009
sub48,c,s,75%,75%,1073,39.344631145812
sub48,i,r,25%,25%,1152.3333333333333,41.573562646363506
sub48,i,r,25%,75%,1026.090909090909,54.94136619167988
sub48,i,r,75%,25%,992.9090909090909,29.180147219223162
sub48,i,r,75%,75%,992.6363636363636,46.68779726248756
sub48,i,s,25%,25%,1124.4285714285713,44.1080152217567
sub48,i,s,25%,75%,1135.3,39.86673634330589
sub48,i,s,75%,25%,1091.4444444444443,53.5947010002728
sub48,i,s,75%,75%,1251.75,28.539289960133406
sub49,c,r,25%,25%,720.1666666666666,41.33452466513833
sub49,c,r,25%,75%,803.75,59.59943626436666
sub49,c,r,75%,25%,705,27.168107416713088
sub49,c,r,75%,75%,865.6666666666666,53.52560040756104
sub49,c,s,25%,25%,769.3333333333334,43.14498695086022
sub49,c,s,25%,75%,768.75,41.95075124837493
sub49,c,s,75%,25%,704.75,27.384779282726317
sub49,c,s,75%,75%,814.1,41.267810969594954
sub49,i,r,25%,25%,745.2727272727273,21.391200786173275
sub49,i,r,25%,75%,765.0833333333334,34.64614595150418
sub49,i,r,75%,25%,714.8333333333334,40.74771481477536
sub49,i,r,75%,75%,985.1111111111111,98.6049137332703
sub49,i,s,25%,25%,819.7777777777778,43.758103305996606
sub49,i,s,25%,75%,900.3636363636364,63.26283883022879
sub49,i,s,75%,25%,821.5,33.70156457118059
sub49,i,s,75%,75%,903.4285714285714,94.35819724727206
sub5,c,r,25%,25%,918.5,68.88029068205537
sub5,c,r,25%,75%,825.5454545454545,76.27204463883494
sub5,c,r,75%,25%,827.5,66.99813430238189
sub5,c,r,75%,75%,878.4,90.53485516639435
sub5,c,s,25%,25%,966.9166666666666,63.90872496195356
sub5,c,s,25%,75%,874,56.128235210799104
sub5,c,s,75%,25%,862.6666666666666,51.292437468053144
sub5,c,s,75%,75%,858.9166666666666,71.3931134032838
sub5,i,r,25%,25%,903.375,81.87554525445485
sub5,i,r,25%,75%,837.6666666666666,63.6862971481656
sub5,i,r,75%,25%,913.6363636363636,86.47787659566964
sub5,i,r,75%,75%,959.75,90.93280277882191
sub5,i,s,25%,25%,1103.2,58.444427545413696
sub5,i,s,25%,75%,916.1666666666666,62.532032195548
sub5,i,s,75%,25%,884.9,77.24699922255161
sub5,i,s,75%,75%,944.3636363636364,76.19929285370671
sub50,c,r,25%,25%,943.75,36.75185524074075
sub50,c,r,25%,75%,960.5,34.030623463776465
sub50,c,r,75%,25%,948.5833333333334,52.07518724174333
sub50,c,r,75%,75%,1040.3636363636363,57.27624808802793
sub50,c,s,25%,25%,973.6666666666666,44.84135897525269
sub50,c,s,25%,75%,1117.5454545454545,45.36205134778782
sub50,c,s,75%,25%,902.2727272727273,42.95665699475797
sub50,c,s,75%,75%,1060.5,41.50784883791878
sub50,i,r,25%,25%,1065.4285714285713,41.50952681405234
sub50,i,r,25%,75%,1157.5,54.08789143606913
sub50,i,r,75%,25%,942,48.2103525732606
sub50,i,r,75%,75%,1101.857142857143,55.06940580560419
sub50,i,s,25%,25%,1073.5555555555557,51.76686818782172
sub50,i,s,25%,75%,1109,54.12815480743033
sub50,i,s,75%,25%,1190.3333333333333,63.61271710733459
sub50,i,s,75%,75%,1146.875,49.55964570235401
sub51,c,r,25%,25%,853.1666666666666,32.840946663849046
sub51,c,r,25%,75%,864,23.633950925810865
sub51,c,r,75%,25%,849.0833333333334,36.50206684337729
sub51,c,r,75%,75%,853.6666666666666,22.755063816498723
sub51,c,s,25%,25%,960.4545454545455,43.46625935687748
sub51,c,s,25%,75%,929.3333333333334,43.70169772261009
sub51,c,s,75%,25%,871.75,37.944961137910994
sub51,c,s,75%,75%,890,50.451747124146145
sub51,i,r,25%,25%,927.2727272727273,33.06277525311534
sub51,i,r,25%,75%,874.3636363636364,41.8528314948013
sub51,i,r,75%,25%,910.5,35.17478004927894
sub51,i,r,75%,75%,863.5,55.46455324499303
sub51,i,s,25%,25%,1037.6666666666667,37.219523496317485
sub51,i,s,25%,75%,1088.5,66.8396268263499
sub51,i,s,75%,25%,944.2222222222222,33.15358945615332
sub51,i,s,75%,75%,995.2,38.79169441459802
sub52,c,r,25%,25%,1019.5454545454545,55.46061069662843
sub52,c,r,25%,75%,972.7777777777778,44.97338032960837
sub52,c,r,75%,25%,979,40.17258223759538
sub52,c,r,75%,75%,943.6,46.99697389785385
sub52,c,s,25%,25%,994.9090909090909,41.31067538574558
sub52,c,s,25%,75%,1021.5,48.1675893798586
sub52,c,s,75%,25%,1055.9,64.85958337482253
sub52,c,s,75%,75%,953.0909090909091,45.55904351806556
sub52,i,r,25%,25%,989.9090909090909,46.53941722209143
sub52,i,r,25%,75%,1021,44.98400389094557
sub52,i,r,75%,25%,1152.6666666666667,52.9041061208338
sub52,i,r,75%,75%,1006.9166666666666,46.32272469568607
sub52,i,s,25%,25%,957.9,35.71288282958966
sub52,i,s,25%,75%,1076.2,52.41772388970907
sub52,i,s,75%,25%,967.4,54.14388238757911
sub52,i,s,75%,75%,944.8181818181819,27.555833628147575
sub53,c,r,25%,25%,1018.3636363636364,38.42874698765655
sub53,c,r,25%,75%,1007.8333333333334,35.21747012521203
sub53,c,r,75%,25%,1095.9166666666667,50.336061284694956
sub53,c,r,75%,75%,1100.5,56.9230607793085
sub53,c,s,25%,25%,948.2727272727273,24.551649050000293
sub53,c,s,25%,75%,1114.5833333333333,45.58399811160035
sub53,c,s,75%,25%,1120.6666666666667,45.229605036051026
sub53,c,s,75%,75%,1115.75,48.732125705304256
sub53,i,r,25%,25%,999.2727272727273,33.095753891093565
sub53,i,r,25%,75%,1114.1818181818182,54.95945913817139
sub53,i,r,75%,25%,1100.7,50.938317818929015
sub53,i,r,75%,75%,1153.9166666666667,47.86209013109616
sub53,i,s,25%,25%,1199.7777777777778,36.43783815462597
sub53,i,s,25%,75%,1103.1,29.316074468151808
sub53,i,s,75%,25%,1132,35.16943117095994
sub53,i,s,75%,75%,1067,40.11328654667625
sub54,c,r,25%,25%,882.2727272727273,27.519279492778384
sub54,c,r,25%,75%,956.6363636363636,45.378463599792425
sub54,c,r,75%,25%,1149.125,58.409404055707135
sub54,c,r,75%,75%,929.7272727272727,45.858099494595265
sub54,c,s,25%,25%,990.8333333333334,40.60150641580092
sub54,c,s,25%,75%,1162.3333333333333,39.455671328720285
sub54,c,s,75%,25%,992.3,36.18810424557894
sub54,c,s,75%,75%,949.3333333333334,21.73067468400883
sub54,i,r,25%,25%,992.4444444444445,56.03374754732661
sub54,i,r,25%,75%,943.7777777777778,39.79662805990316
sub54,i,r,75%,25%,1029.2,42.36450296074664
sub54,i,r,75%,75%,1015.9,42.63213446320614
sub54,i,s,25%,25%,982.7777777777778,36.2283566720945
sub54,i,s,25%,75%,1173.5714285714287,62.88495055895902
sub54,i,s,75%,25%,1216.8,46.923294380888855
sub54,i,s,75%,75%,1032,43.672009851212984
sub55,c,r,25%,25%,991.9090909090909,50.05514314605344
sub55,c,r,25%,75%,1003,51.79926289401845
sub55,c,r,75%,25%,1022.3333333333334,54.0751908237619
sub55,c,r,75%,75%,1012.9166666666666,40.064239766664834
sub55,c,s,25%,25%,1165.75,54.80808458944389
sub55,c,s,25%,75%,1039.8333333333333,41.27803608005428
sub55,c,s,75%,25%,999,46.28331723791472
sub55,c,s,75%,75%,946,29.88842889511227
sub55,i,r,25%,25%,1149.75,44.6729063371308
sub55,i,r,25%,75%,1060.1,47.50402322143064
sub55,i,r,75%,25%,1131.2222222222222,75.77099594937692
sub55,i,r,75%,75%,1165.25,66.43760499252555
sub55,i,s,25%,25%,1131.2857142857142,73.98542787208144
sub55,i,s,25%,75%,1137.9166666666667,33.56505630935997
sub55,i,s,75%,25%,1041.6666666666667,50.6987288904871
sub55,i,s,75%,75%,1092.25,33.34782828783835
sub56,c,r,25%,25%,592.6,23.823051395188187
sub56,c,r,25%,75%,646.6666666666666,36.637522853054364
sub56,c,r,75%,25%,789.3636363636364,61.21501193294348
sub56,c,r,75%,75%,706.25,31.412486660272826
sub56,c,s,25%,25%,953.3636363636364,60.96933248881959
sub56,c,s,25%,75%,840.7272727272727,44.32095562415161
sub56,c,s,75%,25%,934.3,73.74476252589061
sub56,c,s,75%,75%,952.6666666666666,53.80391352969699
sub56,i,r,25%,25%,809,46.38965401897281
sub56,i,r,25%,75%,697.875,51.37274065243996
sub56,i,r,75%,25%,879.5555555555555,65.98781687030298
sub56,i,r,75%,75%,761.5,57.082639898464556
sub56,i,s,25%,25%,782.2857142857143,67.8709259184963
sub56,i,s,25%,75%,861.1428571428571,33.721851451338225
sub56,i,s,75%,25%,854.75,78.98140603964961
sub56,i,s,75%,75%,896.4,31.436072697884295
sub57,c,r,25%,25%,763.8,18.587809625307298
sub57,c,r,25%,75%,862.75,44.912731035764345
sub57,c,r,75%,25%,840.7,39.67424297394413
sub57,c,r,75%,75%,885.1666666666666,51.088579245198524
sub57,c,s,25%,25%,893.6666666666666,64.50107664906757
sub57,c,s,25%,75%,1033,49.390221090757834
sub57,c,s,75%,25%,761.4166666666666,14.142381144787624
sub57,c,s,75%,75%,873.1666666666666,30.000210436972377
sub57,i,r,25%,25%,842.7142857142857,45.87338386187328
sub57,i,r,25%,75%,872.4545454545455,30.682942740333946
sub57,i,r,75%,25%,903.1,40.23305716558075
sub57,i,r,75%,75%,994.3333333333334,50.73597233609394
sub57,i,s,25%,25%,1023.7142857142857,106.49652672308912
sub57,i,s,25%,75%,1117.8,41.40499164754575
sub57,i,s,75%,25%,1096.4285714285713,28.39337375990017
sub57,i,s,75%,75%,1096.090909090909,39.86282263085711
sub6,c,r,25%,25%,975.5,42.92179286831229
sub6,c,r,25%,75%,935.5,41.43605880989371
sub6,c,r,75%,25%,912.5,18.8319924435504
sub6,c,r,75%,75%,1066.3333333333333,29.664368314102823
sub6,c,s,25%,25%,1004.4545454545455,29.279022473859907
sub6,c,s,25%,75%,1021.3636363636364,31.828310076314914
sub6,c,s,75%,25%,928.1666666666666,18.425457246632302
sub6,c,s,75%,75%,1092.1666666666667,44.83536099954584
sub6,i,r,25%,25%,956.5,29.809860411913668
sub6,i,r,25%,75%,883.2727272727273,25.698281127199188
sub6,i,r,75%,25%,933.7,48.43851773124359
sub6,i,r,75%,75%,1023.4545454545455,54.098624354273504
sub6,i,s,25%,25%,1082.6666666666667,75.97166869593194
sub6,i,s,25%,75%,973.2,19.802805637361367
sub6,i,s,75%,25%,1029.5454545454545,37.68804093810218
sub6,i,s,75%,75%,1064.375,59.68067930363106
sub7,c,r,25%,25%,949.6,31.456566175530913
sub7,c,r,25%,75%,994.2222222222222,45.55728316507379
sub7,c,r,75%,25%,1040.090909090909,41.732144694784694
sub7,c,r,75%,75%,1097,48.89830717360719
sub7,c,s,25%,25%,1198.25,62.21757618000146
sub7,c,s,25%,75%,1091.2727272727273,54.192601123482945
sub7,c,s,75%,25%,1054.2,64.28129155862104
sub7,c,s,75%,75%,1032.6363636363637,44.21235383244098
sub7,i,r,25%,25%,1045.3333333333333,58.44066316453905
sub7,i,r,25%,75%,933,25.839246635044656
sub7,i,r,75%,25%,1049.375,66.70883896777526
sub7,i,r,75%,75%,1029.5,29.544137499782604
sub7,i,s,25%,25%,1233.8,60.744876327143835
sub7,i,s,25%,75%,1017.375,58.059679118005064
sub7,i,s,75%,25%,1174.142857142857,63.64276361491711
sub7,i,s,75%,75%,1001.6,46.24841138412817
sub8,c,r,25%,25%,963.25,48.24466134698065
sub8,c,r,25%,75%,928.9090909090909,35.07976742574883
sub8,c,r,75%,25%,942.1818181818181,46.99686995028463
sub8,c,r,75%,75%,1054.909090909091,61.772081741225364
sub8,c,s,25%,25%,940.75,30.564171191217678
sub8,c,s,25%,75%,984.5454545454545,39.52866937400421
sub8,c,s,75%,25%,963.5454545454545,28.74697253193919
sub8,c,s,75%,75%,917.9090909090909,30.44770615198057
sub8,i,r,25%,25%,907.3636363636364,33.68389761707641
sub8,i,r,25%,75%,901.0909090909091,23.37148789189494
sub8,i,r,75%,25%,1028.75,35.43290944063966
sub8,i,r,75%,75%,883,30.5837152151866
sub8,i,s,25%,25%,1043.909090909091,50.882834138021
sub8,i,s,25%,75%,1048.3636363636363,57.63336671302212
sub8,i,s,75%,25%,963,64.8269491286867
sub8,i,s,75%,75%,904.1818181818181,22.492753654058205
sub9,c,r,25%,25%,960.3333333333334,24.423452878433274
sub9,c,r,25%,75%,999.9166666666666,42.56820878296266
sub9,c,r,75%,25%,883.5833333333334,20.56234361028613
sub9,c,r,75%,75%,1102.5,46.92975085328618
sub9,c,s,25%,25%,963.9166666666666,46.1600408219801
sub9,c,s,25%,75%,1017.6666666666666,50.12126708435666
sub9,c,s,75%,25%,974.3333333333334,53.775252465960385
sub9,c,s,75%,75%,1095.5,55.69126203154914
sub9,i,r,25%,25%,1091.8,64.13437282594862
sub9,i,r,25%,75%,957.3636363636364,22.557914445538433
sub9,i,r,75%,25%,1079.4166666666667,36.16993945532699
sub9,i,r,75%,75%,1152.875,30.57452108023467
sub9,i,s,25%,25%,1140.5,69.08227783672966
sub9,i,s,25%,75%,1066.909090909091,40.81876897735215
sub9,i,s,75%,25%,1034.8181818181818,38.00832879582105
sub9,i,s,75%,75%,1025.4285714285713,65.42784362248564
